transaction_id,timestamp,amount,transaction_type,merchant,location,is_foreign,is_high_risk_country,opening_balance,closing_balance,account_id,account_type,account_number,balance,customer_id,name,email,phone,address,dob,created_at,reason
849e5416-2394-471b-b7e3-dcc3281c5672,2025-01-12T16:19:05.280625,3107.03,payment,Todd and Sons,Angelamouth,False,False,19817.8,22924.83,51274302-b181-4f68-a7f9-1331b69c3b2b,credit,WPWT25132719500528,19817.8,85c20cc3-7c6b-49b4-b11e-094922f031b6,Danielle Grimes,lisapeck@example.net,532-578-7747x01687,"47974 Melanie Meadows, West Jessica, WV 53356",1964-02-23,2024-03-02T13:38:58.474697,Unusual withdrawal on credit account
1093947e-bee3-46e3-850f-033db6d6b8f6,2025-02-26T01:16:06.977975,2756.44,withdrawal,"Shah, Mcintyre and Villanueva",Bairdton,False,False,2888.87,132.43,582905e8-e7db-4057-b114-498df8b30ff8,credit,FMUM59184638655779,4934.42,cf99e46f-3b9d-4a1f-a5fd-3d8dd01330bb,Mrs. Hannah Montoya MD,rowejoel@example.net,001-259-762-9233,"4494 Derek Terrace, Sellersview, VI 86470",1947-11-22,2020-01-13T16:36:44.269464,Closing balance < ₹1000
0a7470aa-a120-4d7a-9891-c34f5aff684b,2025-01-24T02:00:02.186852,4824.3,deposit,Banks Ltd,Port Julie,False,False,6366.69,11190.99,6dd069a7-ddfd-4cfe-9f08-d6ca1607ff59,credit,HZTV28272299275037,7728.13,dbf40ada-bedb-486c-ba88-bac3372b8fb3,Brittney Campbell,jenniferharris@example.net,687-440-1640x052,"011 Amy Village Suite 982, Andersonport, MN 05730",2000-05-22,2021-03-21T19:47:29.941374,High transaction amount (>95th percentile)
74314042-d8b7-4330-8789-f7a17b9783d9,2025-01-04T23:32:08.359231,3335.87,withdrawal,Andrews-Alexander,Jackside,False,False,3669.68,333.81,65f03631-8e48-451f-8157-9bedcf08142d,credit,NNBK58303441448850,3669.68,6cb01cfa-2094-4edf-b96c-728d3b341847,John Archer,smithcarlos@example.com,800.368.4866,"1418 Terri Drives, Peterland, ME 92077",1969-01-04,2020-08-06T23:47:36.408801,Closing balance < ₹1000; Unusual withdrawal on credit account
2849f477-5294-45f8-a082-dbc7413a3015,2025-02-13T03:21:11.621001,3879.83,withdrawal,Nguyen PLC,New Alicia,False,False,10497.61,6617.78,609d0353-7e6d-4011-a12f-93f71a821142,credit,ZWOD74773329456255,12324.56,4d2c74a9-6738-4644-90a9-b15a58041152,Teresa Powers,heather62@example.com,(428)873-3427x0866,"1751 Brett Lane, Port Charlesshire, VA 88509",1977-04-07,2022-05-21T23:52:49.967800,Unusual withdrawal on credit account
398c827e-f2d7-452c-8e4e-740b24e0b12e,2025-02-21T03:43:54.820191,308.82,purchase,"Lee, Campbell and Winters",Lake Coreyborough,False,False,333.81,24.99,65f03631-8e48-451f-8157-9bedcf08142d,credit,NNBK58303441448850,3669.68,6cb01cfa-2094-4edf-b96c-728d3b341847,John Archer,smithcarlos@example.com,800.368.4866,"1418 Terri Drives, Peterland, ME 92077",1969-01-04,2020-08-06T23:47:36.408801,Closing balance < ₹1000
282137f2-accd-475f-a136-ab58a8a5c44f,2025-02-11T00:33:19.777502,3043.45,withdrawal,"Perez, Rodriguez and Rollins",South Danielberg,True,False,14098.87,11055.42,1b8817c2-e95b-49ed-ac5f-04bf626ca67a,credit,EBVB34244204380571,14098.87,2f648fc2-7374-4692-ba7c-e83e92e24b13,Brent Burton,parkerscott@example.net,(621)445-6232x858,"5171 Karen Fork Suite 851, Smithside, DE 60110",1964-04-29,2023-03-31T05:28:29.257225,Unusual withdrawal on credit account
6963346c-5635-4a62-9cfc-ec9b10581f43,2025-03-09T05:34:18.186869,4768.19,withdrawal,Figueroa and Sons,West Theresamouth,False,False,88260.2,83492.01,344992a6-6647-41a5-8710-2fab4206090b,savings,PYXO16947225699611,88260.2,b95270cb-77cd-44cb-bc55-7ab2f84eb275,Doris Hall,jacqueline71@example.net,649.436.1832,"9947 Taylor Hollow, Benderhaven, ND 65223",1969-01-11,2020-11-07T15:26:43.421663,High transaction amount (>95th percentile)
dbefd0d7-715a-4441-8ccd-fb19ac08fc39,2025-01-03T21:00:17.960510,3004.05,withdrawal,"Brown, Jones and Gregory",South Cassandra,False,False,75771.25,72767.2,0a931dad-7dfb-481e-a00c-c74f2a08268e,credit,RACZ99488375503758,75771.25,2f648fc2-7374-4692-ba7c-e83e92e24b13,Brent Burton,parkerscott@example.net,(621)445-6232x858,"5171 Karen Fork Suite 851, Smithside, DE 60110",1964-04-29,2024-01-16T07:16:43.671206,Unusual withdrawal on credit account
fff08ac5-4b8d-4bfd-bd9b-da0b23da4af7,2025-01-29T18:14:50.718729,4309.51,deposit,"Morales, Perez and Newton",Lake Meganville,True,True,86016.64,90326.15,61f5da9c-80c1-4dd0-8165-2d175910902d,savings,OZEE69848583339452,90636.58,602587c5-15a6-4a21-a7a6-21ce2252077d,Molly Mcclure,basschristina@example.com,7532773515,"71390 Kristin Gardens, Port Anne, CA 73142",1953-05-08,2025-03-02T19:49:46.952777,Foreign + High-risk country
01845d51-4c2b-46f7-8555-d15a65891223,2025-01-25T07:19:36.411953,445.21,withdrawal,"Chavez, Hines and White",Lake Jacquelineburgh,False,False,24.99,24.99,65f03631-8e48-451f-8157-9bedcf08142d,credit,NNBK58303441448850,3669.68,6cb01cfa-2094-4edf-b96c-728d3b341847,John Archer,smithcarlos@example.com,800.368.4866,"1418 Terri Drives, Peterland, ME 92077",1969-01-04,2020-08-06T23:47:36.408801,Closing balance < ₹1000
dfc576cf-4d68-48ef-b734-d526dc8a21dd,2025-01-23T20:11:24.105059,4756.7,transfer,Wilson and Sons,East Lauraport,False,False,24562.46,19805.76,e7a2acf9-210a-4823-b2bf-c8c0d50ca3b9,credit,UFQR51587996846081,24562.46,d9e2fbe8-ac1b-4a49-8524-b951a1c2e768,Brian Deleon,vdickson@example.org,622.460.2563,"0733 Bailey View, East Andrew, ID 52728",1961-08-02,2020-02-18T14:48:13.262749,High transaction amount (>95th percentile)
0e1f7ce2-b40f-4972-bed7-c8a6e6187f5b,2025-03-22T12:18:55.162413,4771.39,payment,"Price, Goodman and Young",Robinsonville,False,False,69370.32,74141.71,94e21ccf-01db-47f9-8598-8cd55fa03883,savings,GTMF71286391741011,69370.32,da768069-b115-4b81-a303-9cb0bb76fc78,Robert Soto,daniellereynolds@example.org,001-393-479-6603x3419,"1478 Harper Ridge, Matthewsstad, MI 60513",1981-03-30,2023-01-04T02:43:40.399228,High transaction amount (>95th percentile)
01cd0cc7-f4bc-4b0d-810b-09e98b7bc25a,2025-01-31T14:45:03.655619,4788.82,transfer,Wells-Sanchez,Natashaberg,False,False,26368.13,21579.31,5368b89c-512e-43c4-bb3a-88ff59ecf97a,credit,ACPD57724599281615,26368.13,87136c17-286e-49ca-b78b-7c20eb1befca,Lisa Mayer,allencarlos@example.net,5792030673,"95995 Kevin Divide Apt. 644, New Stacyburgh, SC 89466",1968-04-24,2022-12-05T21:11:42.941609,High transaction amount (>95th percentile)
4a378d93-20c0-4d91-a5a2-431f0f8d312a,2025-01-17T10:57:02.926647,4046.17,payment,"Wilson, Higgins and Graham",Wilcoxfort,False,False,22102.28,26148.45,ec73e808-8d65-49cf-9928-4506cebb6184,credit,AYVU68650863765991,22102.28,d9e2fbe8-ac1b-4a49-8524-b951a1c2e768,Brian Deleon,vdickson@example.org,622.460.2563,"0733 Bailey View, East Andrew, ID 52728",1961-08-02,2022-03-29T12:39:32.207689,Unusual withdrawal on credit account
8982d667-0009-4842-a93a-0818c80bebf0,2025-02-10T11:10:52.713013,3393.14,withdrawal,Sparks-Johnson,Joemouth,False,False,49068.62,45675.48,a6ed0b53-ae4b-44a3-9b6e-42cfc78f7301,credit,MYGN88725887449562,53365.13,b2e9c675-c8d7-498f-9ccc-ad4bbcfe6028,Leah Cruz,iedwards@example.org,513-889-9940x438,"76137 Allison Bridge, Sarahberg, MS 74999",1967-11-18,2024-07-02T18:55:31.772055,Unusual withdrawal on credit account
e16ec9bb-02d5-4a7e-b166-158dd3e4cfba,2025-03-29T18:25:07.325159,3891.73,withdrawal,Aguilar-Holland,North Taylormouth,False,False,66829.83,62938.1,53d2cd22-1b66-44b5-95f9-1ffd91f8920d,credit,KKMX99023557702727,66636.98,78f4895d-3532-4b71-86aa-0a399c539398,Michael Poole,kburns@example.net,766-271-1684x577,"751 Robinson Meadow, South Joseph, MP 37672",1962-03-25,2024-09-12T01:56:30.944366,Unusual withdrawal on credit account
0b4fb254-f642-4a81-aa37-88a1ff3e1b3d,2025-01-09T22:51:46.456858,4904.19,deposit,Thompson-Hanna,Davisborough,False,False,92307.67,97211.86,fcc1cab6-1187-47dc-a5ea-42e8136f4ef7,checking,SYFT84257991366210,92972.81,2446a98e-ada1-4060-a1b5-7fbc77cf0ad5,Taylor Jones DVM,mitchellhector@example.org,001-865-467-6618x25128,"04786 Morrow Gateway, Reedview, ID 95531",1991-04-26,2021-01-24T06:20:37.735033,High transaction amount (>95th percentile)
d916a2e0-b6c3-431f-beac-4e2b8716b448,2025-01-21T10:00:29.870598,3199.15,withdrawal,Burgess PLC,Monicaville,False,False,40662.97,37463.82,bebbf80a-3241-4577-8bb5-61d9be969c12,credit,GATY40777809733977,38657.72,65605445-0dab-4261-a6e0-5e82259cc0f7,Michelle Fletcher,rodney65@example.com,637-648-9691x085,"54544 Lopez Path Apt. 096, Erintown, SD 65692",2007-02-03,2022-02-28T00:30:31.578761,Unusual withdrawal on credit account
61a82d08-7bf8-4fa6-aa3c-0d089844b52f,2025-03-09T07:52:56.745444,4747.59,deposit,Trevino and Sons,Wongbury,True,False,3418.11,8165.7,6c51d5ea-c18d-4fea-933d-735ea0b30b48,savings,XMOY99813646225179,3418.11,0e38de60-2b24-4efd-b397-230bb8f6a744,Joshua Williamson II,wendy16@example.org,001-517-824-0050x45562,"21969 Tyler Prairie, East Steven, KS 60737",1956-08-16,2023-12-04T18:52:06.994768,High transaction amount (>95th percentile)
c63e9812-1502-4160-a736-66380f504b43,2025-01-10T22:20:23.010181,3521.67,withdrawal,"Reynolds, Perry and Simpson",Benjaminfurt,False,False,81264.18,77742.51,3359a53c-838e-4faa-89c0-397b18698f05,credit,HVIX13261117800681,81264.18,4d85be1c-9942-4a2d-ac05-22916e4eec0c,Craig Morales,aguilarjonathan@example.org,9132721510,"670 Vega Extensions Suite 324, Seanberg, AZ 80993",1981-05-14,2020-07-18T22:19:43.890225,Unusual withdrawal on credit account
c0a9f63f-096c-4483-b332-df4e5a99c30c,2025-02-21T02:30:05.852744,4986.33,deposit,Ray-Tran,Patriciachester,False,False,97211.86,102198.19,fcc1cab6-1187-47dc-a5ea-42e8136f4ef7,checking,SYFT84257991366210,92972.81,2446a98e-ada1-4060-a1b5-7fbc77cf0ad5,Taylor Jones DVM,mitchellhector@example.org,001-865-467-6618x25128,"04786 Morrow Gateway, Reedview, ID 95531",1991-04-26,2021-01-24T06:20:37.735033,High transaction amount (>95th percentile)
91678d29-e940-4a1e-9fbf-c4e34c7f129c,2025-01-03T00:18:16.432521,3969.51,transfer,Barber-Harrison,Hallbury,False,False,132.43,132.43,582905e8-e7db-4057-b114-498df8b30ff8,credit,FMUM59184638655779,4934.42,cf99e46f-3b9d-4a1f-a5fd-3d8dd01330bb,Mrs. Hannah Montoya MD,rowejoel@example.net,001-259-762-9233,"4494 Derek Terrace, Sellersview, VI 86470",1947-11-22,2020-01-13T16:36:44.269464,Closing balance < ₹1000
3738ee21-6d18-4738-8745-fadeb47166c3,2025-03-03T02:18:57.888440,4876.99,withdrawal,"Lloyd, Liu and Kaufman",Moralesside,False,False,70202.97,65325.98,54bc95a3-4094-4878-a26c-bc974ebaf005,checking,OAYU86209593518638,66675.36,6cb01cfa-2094-4edf-b96c-728d3b341847,John Archer,smithcarlos@example.com,800.368.4866,"1418 Terri Drives, Peterland, ME 92077",1969-01-04,2023-08-07T08:09:39.703517,High transaction amount (>95th percentile)
f2c5a2d5-e840-4994-b601-3465ccf99b50,2025-03-17T00:08:23.670464,4813.62,transfer,Miller-Medina,Hardyberg,False,False,26183.17,21369.55,9b5f5153-d281-41d8-b29c-fdde81195408,savings,MXBR68034764472649,23894.89,923b71c5-028c-4467-881c-5f06b6a1ad1b,Stephen Sanchez,qhudson@example.com,207-552-7354x54948,"8377 Mcguire Course Suite 363, Elizabethstad, NJ 73045",1975-05-14,2024-11-02T23:20:32.839980,High transaction amount (>95th percentile)
87f4effe-4992-4f48-8ce3-80e41f1fb7cd,2025-03-06T12:18:05.771792,3820.46,withdrawal,"Armstrong, Taylor and Gray",North Mark,False,False,77742.51,73922.05,3359a53c-838e-4faa-89c0-397b18698f05,credit,HVIX13261117800681,81264.18,4d85be1c-9942-4a2d-ac05-22916e4eec0c,Craig Morales,aguilarjonathan@example.org,9132721510,"670 Vega Extensions Suite 324, Seanberg, AZ 80993",1981-05-14,2020-07-18T22:19:43.890225,Unusual withdrawal on credit account
6a5c3961-4ec3-4c29-8567-92741db21116,2025-02-08T23:01:03.650633,4875.54,transfer,"Stone, Foster and Baker",Fieldsmouth,False,False,17464.8,12589.26,caedf6a6-f019-495c-907d-247221ca0096,savings,VJTC47660728326842,17464.8,8278d09b-5ad5-4b10-a36c-4e4f8d1de83a,Steven Hunter,snguyen@example.com,+1-823-266-2994,"9957 Ramos Forest, Leonburgh, TN 11615",1958-07-24,2021-07-27T09:08:17.179392,High transaction amount (>95th percentile)
b023d9cd-f50f-40e6-ac19-93371f61cda8,2025-01-29T10:29:44.832446,4142.31,payment,Moody and Sons,Williamsport,False,False,84373.65,88515.96,425ec9d5-4821-4e6f-ba86-92e5432c6ba9,credit,WVND22868528975585,83538.79,2ae090c9-6d60-42c7-90af-86ec448ed9a7,Linda Romero,terickson@example.com,9556169409,"Unit 9930 Box 9728, DPO AP 95027",1981-05-28,2024-06-13T06:32:22.345126,Unusual withdrawal on credit account
de08a03f-e341-40fc-8496-a5c14bd5a767,2025-03-17T13:57:03.289007,4835.52,withdrawal,Davenport-Bass,Port Dillon,False,False,33800.44,28964.92,b412f2ab-ebc1-4382-a38a-7a07d1c16b0a,checking,HLOJ38421503178078,33357.73,2f648fc2-7374-4692-ba7c-e83e92e24b13,Brent Burton,parkerscott@example.net,(621)445-6232x858,"5171 Karen Fork Suite 851, Smithside, DE 60110",1964-04-29,2020-10-23T09:42:12.368166,High transaction amount (>95th percentile)
7fd1bde4-f2d6-42c2-8f92-70ededc8835b,2025-02-17T12:59:06.386715,3380.96,withdrawal,Morgan and Sons,Johnsonhaven,False,False,76080.05,72699.09,8d773843-13d1-4216-8451-22d53e40bb74,credit,ZJJF09494079290490,77689.5,b2e9c675-c8d7-498f-9ccc-ad4bbcfe6028,Leah Cruz,iedwards@example.org,513-889-9940x438,"76137 Allison Bridge, Sarahberg, MS 74999",1967-11-18,2021-07-05T18:09:10.949521,Unusual withdrawal on credit account
7dd9df61-ab30-4a9b-b424-1af61a894edc,2025-01-31T16:49:22.741616,4786.9,transfer,Davis-Petty,West Douglas,False,False,68419.01,63632.11,82ee11d1-830a-46f0-af16-b42314b97791,savings,VTCK70184094353344,75153.4,4d2c74a9-6738-4644-90a9-b15a58041152,Teresa Powers,heather62@example.com,(428)873-3427x0866,"1751 Brett Lane, Port Charlesshire, VA 88509",1977-04-07,2022-10-20T22:56:26.296593,High transaction amount (>95th percentile)
53fba180-a208-4e31-a3bb-dd7841c1cfd1,2025-02-26T14:28:59.708270,4889.66,payment,"Campbell, Martin and Ferguson",West Christopherville,False,False,10830.03,15719.69,a6443269-da23-4d76-a3bc-d61e4b48377d,credit,LJED68942104478985,12340.62,794c7fe3-02fd-4436-b989-94e0266106c2,William Moreno,terrigarcia@example.net,448.503.9652,"059 Anna Field Suite 842, Johnsonton, IN 79362",1954-02-21,2022-04-14T06:08:00.890942,High transaction amount (>95th percentile); Unusual withdrawal on credit account
2a904795-f258-4534-a587-7ffb963fa8cd,2025-01-13T01:38:49.345569,4945.55,deposit,Mayer-Wallace,Lake Andrew,False,False,84124.73,89070.28,d495697e-106b-4300-a5bf-b8fe089d07b4,checking,XUMM34163894484631,86570.94,fe25b13b-cb6a-4dc5-b50a-fb621b454e7b,Richard Cooper,ingramjill@example.com,(405)385-2772,"43030 Mahoney Passage Suite 874, Port Deborahport, MI 06766",1998-02-19,2020-12-16T21:39:34.197859,High transaction amount (>95th percentile)
1b3dd397-383e-491f-b6ef-ec78f4966953,2025-03-17T00:21:40.400941,4964.32,withdrawal,Harrison PLC,Kellytown,False,False,21369.55,16405.23,9b5f5153-d281-41d8-b29c-fdde81195408,savings,MXBR68034764472649,23894.89,923b71c5-028c-4467-881c-5f06b6a1ad1b,Stephen Sanchez,qhudson@example.com,207-552-7354x54948,"8377 Mcguire Course Suite 363, Elizabethstad, NJ 73045",1975-05-14,2024-11-02T23:20:32.839980,High transaction amount (>95th percentile)
24030240-6390-4804-bad4-ba246cae3aa8,2025-03-03T18:56:14.191883,779.83,withdrawal,"Hall, Hanson and Allen",Lindsayfurt,False,False,24.99,24.99,65f03631-8e48-451f-8157-9bedcf08142d,credit,NNBK58303441448850,3669.68,6cb01cfa-2094-4edf-b96c-728d3b341847,John Archer,smithcarlos@example.com,800.368.4866,"1418 Terri Drives, Peterland, ME 92077",1969-01-04,2020-08-06T23:47:36.408801,Closing balance < ₹1000
99ee82ea-83d7-482f-b1dc-632e7bf09e85,2025-03-05T22:20:25.879169,4928.55,transfer,"Rowland, Cuevas and Keith",North Drewberg,False,False,47004.77,42076.22,d2791890-e1c9-4284-a325-157afa36fb38,checking,GLBV31365024916300,44202.99,3fa012b4-7930-420b-8911-4f70d3f6d324,Laura Mcgrath,davidtodd@example.org,(433)620-6163,"68685 Stone Well, Port Isabellashire, NC 55498",1946-11-30,2023-01-22T20:04:17.162024,High transaction amount (>95th percentile)
46b9cc75-1110-4339-9b33-007c9f58c107,2025-03-16T11:54:25.110290,3274.77,payment,"Butler, Gonzales and Farrell",West Donberg,False,False,5968.32,9243.09,609d0353-7e6d-4011-a12f-93f71a821142,credit,ZWOD74773329456255,12324.56,4d2c74a9-6738-4644-90a9-b15a58041152,Teresa Powers,heather62@example.com,(428)873-3427x0866,"1751 Brett Lane, Port Charlesshire, VA 88509",1977-04-07,2022-05-21T23:52:49.967800,Unusual withdrawal on credit account
f22bf9b0-9ce4-4cf1-b3c2-301fda9decbd,2025-04-06T20:51:55.736687,4951.21,transfer,Brown-Ross,New Mark,False,False,24247.15,19295.94,1e764578-e92c-4433-a991-023becf8e6e6,checking,UIKI41496739385258,21999.87,e7fe30d5-3f9b-44de-aae5-1097cbbd8243,Susan Murray MD,tyronemoran@example.net,001-446-377-3782x639,"8404 Monroe Prairie Suite 278, Reedside, WV 71729",1964-11-29,2020-01-21T08:22:52.043357,High transaction amount (>95th percentile)
20b8596f-da5a-45fc-a3b8-582fc75c89cc,2025-03-09T12:33:08.527299,3292.26,payment,"Barrera, Kerr and Jenkins",West Charlesville,False,False,75361.1,78653.36,8d773843-13d1-4216-8451-22d53e40bb74,credit,ZJJF09494079290490,77689.5,b2e9c675-c8d7-498f-9ccc-ad4bbcfe6028,Leah Cruz,iedwards@example.org,513-889-9940x438,"76137 Allison Bridge, Sarahberg, MS 74999",1967-11-18,2021-07-05T18:09:10.949521,Unusual withdrawal on credit account
fc92e9b9-4a06-4fe7-a43c-3b988305c383,2025-01-13T23:42:33.066520,4823.05,transfer,Schneider-Hodges,Wongport,False,False,5295.73,472.68,a043ee36-5423-4858-9905-5e179bdb7c6f,checking,PGSF85574982182744,7927.41,898cace7-aee2-448d-8b8f-91164a959c35,Katie Martinez,laurayoung@example.com,3583957829,"669 David Island Apt. 778, Davidside, SC 77543",1951-08-21,2022-11-07T21:42:33.862412,Closing balance < ₹1000; High transaction amount (>95th percentile)
d819cee4-b6fe-477d-bb4c-badf2ba4ca95,2025-02-20T10:37:45.774930,4765.26,purchase,Ramos Inc,Port Travisborough,False,False,59654.99,54889.73,48892d55-8cc4-460f-b82e-55f9d054396a,credit,CEQC44294440192927,59654.99,f891cd7c-e9b9-465e-a22e-694c2f3b08a0,Ashley Bird,shawn88@example.com,(687)443-1527,"9329 Wilcox Passage Suite 161, East Thomas, IA 01396",1956-12-30,2021-12-12T07:58:20.850303,High transaction amount (>95th percentile)
063e7e35-4da9-4df6-bca4-87ebb2b8b765,2025-01-25T21:19:07.214767,4834.22,deposit,Torres-Campbell,Jonesberg,False,False,14821.46,19655.68,1e764578-e92c-4433-a991-023becf8e6e6,checking,UIKI41496739385258,21999.87,e7fe30d5-3f9b-44de-aae5-1097cbbd8243,Susan Murray MD,tyronemoran@example.net,001-446-377-3782x639,"8404 Monroe Prairie Suite 278, Reedside, WV 71729",1964-11-29,2020-01-21T08:22:52.043357,High transaction amount (>95th percentile)
5e6b4fca-5c66-4f28-9964-336a7676cb1c,2025-03-06T08:35:12.775609,3468.72,withdrawal,Davis PLC,South Carrieview,False,False,26148.45,22679.73,ec73e808-8d65-49cf-9928-4506cebb6184,credit,AYVU68650863765991,22102.28,d9e2fbe8-ac1b-4a49-8524-b951a1c2e768,Brian Deleon,vdickson@example.org,622.460.2563,"0733 Bailey View, East Andrew, ID 52728",1961-08-02,2022-03-29T12:39:32.207689,Unusual withdrawal on credit account
60a9a5e6-0a8c-4c6d-a820-5a9890cb5185,2025-04-06T11:04:59.641350,3713.88,payment,"Stein, Navarro and Carter",Lake Douglas,False,False,24.99,3738.87,65f03631-8e48-451f-8157-9bedcf08142d,credit,NNBK58303441448850,3669.68,6cb01cfa-2094-4edf-b96c-728d3b341847,John Archer,smithcarlos@example.com,800.368.4866,"1418 Terri Drives, Peterland, ME 92077",1969-01-04,2020-08-06T23:47:36.408801,Unusual withdrawal on credit account
896a5f67-b617-48ae-9cb4-452fee58385b,2025-01-15T18:30:27.698041,4251.28,withdrawal,"Clark, Oconnor and Cochran",Port Kimberlyfort,False,False,3738.87,3738.87,65f03631-8e48-451f-8157-9bedcf08142d,credit,NNBK58303441448850,3669.68,6cb01cfa-2094-4edf-b96c-728d3b341847,John Archer,smithcarlos@example.com,800.368.4866,"1418 Terri Drives, Peterland, ME 92077",1969-01-04,2020-08-06T23:47:36.408801,Unusual withdrawal on credit account
1264618b-ca82-4574-9bce-83eb2f7e83af,2025-01-16T14:15:34.593023,4816.43,withdrawal,"Scott, Mullins and Miller",New Kennethside,False,False,48578.6,43762.17,6017e28d-7911-4e45-b592-bc14755d4724,credit,ACMV45104636815798,52277.82,000a44e6-a30f-407e-8262-9986273e4e48,Donna Landry,gibsonleonard@example.com,768-908-7603,"48247 Martinez Roads, Lake Eric, OH 02293",1976-10-25,2020-06-18T07:52:32.509736,High transaction amount (>95th percentile); Unusual withdrawal on credit account
fab1b402-23ac-49f5-965c-cf8c7006df70,2025-01-13T10:18:08.654889,4934.48,purchase,"Henderson, Pierce and Green",South Stephen,False,False,7570.96,2636.48,17676164-f2ce-4888-8887-91aa2ba40aaa,checking,CUAE76212679692786,7826.72,0abd3392-85ad-4a97-aeab-205ccb0990a1,Christopher Owens,wmartinez@example.org,447.341.1249x035,"8044 Anthony Lodge Suite 883, South Curtisberg, DE 02068",1943-06-16,2022-11-27T23:54:28.514742,High transaction amount (>95th percentile)
566ffcba-5423-4640-9b70-10a2f7db390a,2025-02-19T16:16:26.157570,4765.32,deposit,Sandoval and Sons,Bradleyview,False,False,54776.27,59541.59,35af3d62-4dd0-4813-bb33-fafe408196e1,credit,EOFH18432225913651,58783.56,574e1fc2-e4fe-4276-a542-5741936a9b92,Regina Baker,plee@example.com,+1-743-644-3757,"5240 Moses Common Suite 747, East Maria, KY 74165",1986-08-08,2022-07-15T07:24:45.495053,High transaction amount (>95th percentile)
bbb6c9d4-fb3a-401a-9d1e-1380ed1810f9,2025-04-02T02:09:41.432766,3139.53,payment,Torres Inc,Richardmouth,False,False,73922.05,77061.58,3359a53c-838e-4faa-89c0-397b18698f05,credit,HVIX13261117800681,81264.18,4d85be1c-9942-4a2d-ac05-22916e4eec0c,Craig Morales,aguilarjonathan@example.org,9132721510,"670 Vega Extensions Suite 324, Seanberg, AZ 80993",1981-05-14,2020-07-18T22:19:43.890225,Unusual withdrawal on credit account
62f1c1ee-5179-4869-8ee1-0d6208bc14bf,2025-02-23T05:08:46.261468,4872.9,deposit,"Klein, Nguyen and Duran",Shawfurt,True,False,39013.87,43886.77,f0d869c8-3acf-4671-aac0-8b9a0bf493d8,credit,YJFL97927033521103,39013.87,2268db3b-dcb0-41de-a267-5e928de368ff,Gary Mccann,uterry@example.net,+1-944-443-1069,"1497 Collin Ford, Lake Kelly, CO 62572",1996-08-21,2024-12-30T12:11:09.939502,High transaction amount (>95th percentile)
daa1cca4-55a5-486c-bc72-109bce102ef6,2025-03-31T20:57:33.584836,4132.8,withdrawal,Smith-Gonzalez,South Richardport,False,False,132.43,132.43,582905e8-e7db-4057-b114-498df8b30ff8,credit,FMUM59184638655779,4934.42,cf99e46f-3b9d-4a1f-a5fd-3d8dd01330bb,Mrs. Hannah Montoya MD,rowejoel@example.net,001-259-762-9233,"4494 Derek Terrace, Sellersview, VI 86470",1947-11-22,2020-01-13T16:36:44.269464,Closing balance < ₹1000; Unusual withdrawal on credit account
89ba37cd-f4c5-4fea-9fc2-7b3fbe630131,2025-02-21T23:34:52.114877,1243.05,purchase,"Rodriguez, Reese and Reyes",Mollyside,False,False,132.43,132.43,582905e8-e7db-4057-b114-498df8b30ff8,credit,FMUM59184638655779,4934.42,cf99e46f-3b9d-4a1f-a5fd-3d8dd01330bb,Mrs. Hannah Montoya MD,rowejoel@example.net,001-259-762-9233,"4494 Derek Terrace, Sellersview, VI 86470",1947-11-22,2020-01-13T16:36:44.269464,Closing balance < ₹1000
26a818b1-a0fe-4e57-8b7f-0e056c0e27d6,2025-03-20T21:27:40.500250,4738.06,withdrawal,Lopez Group,Lake Julian,False,False,57264.79,52526.73,351a644c-4d82-4c31-910e-adc6e3d07f4f,checking,FBJL56110022557941,49371.97,548c776c-cd66-43de-9bad-c289980b8042,Karina Cooper,williamsconnie@example.com,6124770632,"54152 Randy Inlet Apt. 611, East Thomasberg, OR 30148",1974-08-02,2021-12-17T19:48:05.342295,High transaction amount (>95th percentile)
fe08c9a5-63b4-4084-ba97-dd6d56c4b87d,2025-04-01T05:44:34.672958,4911.99,withdrawal,"Lindsey, Mccormick and Hensley",Port Diana,False,False,81078.49,76166.5,db83cb2e-5beb-46cd-8228-1b305e9b8615,savings,WQOK00369155942843,83624.91,3a680ad2-678c-4bd3-a66e-08503bf85b41,Jennifer Johnson,jacqueline89@example.net,713-852-9096,"3888 Sean Lock, Bartonshire, UT 66098",1949-07-07,2021-06-02T06:27:35.519620,High transaction amount (>95th percentile)
564b70e1-2c9a-4872-b3c4-ea3fcc111131,2025-01-06T09:41:44.174030,4926.45,payment,Wilson Ltd,South Jessica,False,False,88515.96,93442.41,425ec9d5-4821-4e6f-ba86-92e5432c6ba9,credit,WVND22868528975585,83538.79,2ae090c9-6d60-42c7-90af-86ec448ed9a7,Linda Romero,terickson@example.com,9556169409,"Unit 9930 Box 9728, DPO AP 95027",1981-05-28,2024-06-13T06:32:22.345126,High transaction amount (>95th percentile); Unusual withdrawal on credit account
27cc26ae-95d8-4015-b0a4-b9a31fe4f7a8,2025-01-22T13:25:41.756248,4535.02,withdrawal,Arnold-Wilson,Sampsonstad,False,False,92541.2,88006.18,462e18b4-342a-4d2f-b7c4-208b917e3abf,credit,YEBI61872346013673,96290.9,000a44e6-a30f-407e-8262-9986273e4e48,Donna Landry,gibsonleonard@example.com,768-908-7603,"48247 Martinez Roads, Lake Eric, OH 02293",1976-10-25,2023-11-19T23:32:47.351742,Unusual withdrawal on credit account
c7259670-c4e0-4246-8d10-ab9daa5457a6,2025-03-21T07:45:38.280746,4734.88,transfer,"Stewart, Jackson and Armstrong",Allenfurt,False,False,51087.51,46352.63,6db0dcd2-4370-4745-8aac-804d47ee178c,savings,WMPI28604765801856,49936.34,da7f0890-f106-4b22-95ea-ffb3af50dc4b,Jacob Preston,ykline@example.com,(877)458-4161,"15447 Jackson Mills Suite 705, Hillton, CA 88474",1982-08-12,2023-03-20T09:51:03.887505,High transaction amount (>95th percentile)
47170130-1a93-4d90-88af-b80a8f509e75,2025-03-02T20:01:00.013627,2068.47,withdrawal,"Hernandez, Montgomery and Stephens",New Patrickberg,False,False,2636.48,568.01,17676164-f2ce-4888-8887-91aa2ba40aaa,checking,CUAE76212679692786,7826.72,0abd3392-85ad-4a97-aeab-205ccb0990a1,Christopher Owens,wmartinez@example.org,447.341.1249x035,"8044 Anthony Lodge Suite 883, South Curtisberg, DE 02068",1943-06-16,2022-11-27T23:54:28.514742,Closing balance < ₹1000
1b3e579d-b63b-4d98-856e-98145d5ab0d2,2025-02-26T10:58:32.083378,4740.68,transfer,"Collins, Bauer and Mckay",Hamiltonmouth,False,False,11820.07,7079.39,3e5ac5a7-9cc4-40a3-9fbc-019dedb65eb3,checking,GWZK65126944869594,16616.94,801d6dd6-74d3-4387-9e21-b7fca38784a9,Thomas Brown,holmeskevin@example.org,335-484-1438x42498,"99590 Christopher Row, Debrashire, MT 81517",1982-09-18,2025-03-22T22:54:36.172955,High transaction amount (>95th percentile)
e4c79d98-39d8-40bb-bbee-9bbbb4c97556,2025-02-18T05:38:56.802668,4865.73,payment,Fisher-Martinez,New Mark,False,False,77061.58,81927.31,3359a53c-838e-4faa-89c0-397b18698f05,credit,HVIX13261117800681,81264.18,4d85be1c-9942-4a2d-ac05-22916e4eec0c,Craig Morales,aguilarjonathan@example.org,9132721510,"670 Vega Extensions Suite 324, Seanberg, AZ 80993",1981-05-14,2020-07-18T22:19:43.890225,High transaction amount (>95th percentile); Unusual withdrawal on credit account
a963a847-6af4-4aac-a0fb-6cdb7b8bd372,2025-04-03T00:57:13.119310,3442.77,payment,"Wong, Thomas and Walter",East Allenmouth,False,False,23786.54,27229.31,6f70528c-c86c-4ac9-9410-a477498aabcf,credit,ORJM99733549465190,20634.65,58891aea-76d4-4a24-b400-c6984a6f3573,Chloe Tran,hughesshannon@example.net,599-812-1655x852,"25787 Catherine Passage, West Sarah, MD 21800",1965-12-25,2023-03-22T08:15:36.632464,Unusual withdrawal on credit account
19b9e474-3a3c-4d9c-8024-df80c7b4917e,2025-03-31T15:55:12.429001,4460.85,payment,Gomez and Sons,South Wayne,False,False,10093.49,14554.34,6dd069a7-ddfd-4cfe-9f08-d6ca1607ff59,credit,HZTV28272299275037,7728.13,dbf40ada-bedb-486c-ba88-bac3372b8fb3,Brittney Campbell,jenniferharris@example.net,687-440-1640x052,"011 Amy Village Suite 982, Andersonport, MN 05730",2000-05-22,2021-03-21T19:47:29.941374,Unusual withdrawal on credit account
90d0de4f-e8cc-47ad-bdc3-972d48b2fcab,2025-02-19T03:11:00.908211,4244.98,payment,Alexander LLC,North Deborahchester,False,False,2009.62,6254.6,582905e8-e7db-4057-b114-498df8b30ff8,credit,FMUM59184638655779,4934.42,cf99e46f-3b9d-4a1f-a5fd-3d8dd01330bb,Mrs. Hannah Montoya MD,rowejoel@example.net,001-259-762-9233,"4494 Derek Terrace, Sellersview, VI 86470",1947-11-22,2020-01-13T16:36:44.269464,Unusual withdrawal on credit account
1ce64a13-caac-49e2-a567-7462022cfe2f,2025-03-19T08:45:02.053185,4818.15,deposit,Chavez and Sons,Margaretville,False,False,75117.95,79936.1,30231271-bbb5-4119-9f64-c9e09b2a5308,checking,ZCOJ56424008254780,82233.1,00b0be18-34c9-4f99-a4fa-d89b8def9571,Meghan Cisneros,melindagregory@example.com,4219355690,"USNV Wallace, FPO AE 75726",1948-08-16,2023-08-16T02:02:15.914953,High transaction amount (>95th percentile)
79cc8fe2-23cd-46af-b242-3522272006f0,2025-03-27T00:00:28.001056,3560.81,withdrawal,"Ortega, Mack and Moore",Lake Josephborough,False,False,56762.31,53201.5,48892d55-8cc4-460f-b82e-55f9d054396a,credit,CEQC44294440192927,59654.99,f891cd7c-e9b9-465e-a22e-694c2f3b08a0,Ashley Bird,shawn88@example.com,(687)443-1527,"9329 Wilcox Passage Suite 161, East Thomas, IA 01396",1956-12-30,2021-12-12T07:58:20.850303,Unusual withdrawal on credit account
ee023ecf-8381-4d5e-9e60-2a6457700fcc,2025-01-12T17:56:12.144805,273.74,payment,"Craig, Stevenson and Brown",New Douglas,False,False,472.68,746.42,a043ee36-5423-4858-9905-5e179bdb7c6f,checking,PGSF85574982182744,7927.41,898cace7-aee2-448d-8b8f-91164a959c35,Katie Martinez,laurayoung@example.com,3583957829,"669 David Island Apt. 778, Davidside, SC 77543",1951-08-21,2022-11-07T21:42:33.862412,Closing balance < ₹1000
5c41ba17-8b50-4e67-ad56-26d74f5bf923,2025-02-25T15:43:27.488322,4800.87,withdrawal,"Frederick, Porter and Ross",New Heidiville,False,False,74927.99,70127.12,8d773843-13d1-4216-8451-22d53e40bb74,credit,ZJJF09494079290490,77689.5,b2e9c675-c8d7-498f-9ccc-ad4bbcfe6028,Leah Cruz,iedwards@example.org,513-889-9940x438,"76137 Allison Bridge, Sarahberg, MS 74999",1967-11-18,2021-07-05T18:09:10.949521,High transaction amount (>95th percentile); Unusual withdrawal on credit account
bb56d8bc-a8af-4b10-9cb5-04ccede26ada,2025-02-26T08:56:32.948159,4374.46,payment,Delgado-Johnson,Greenmouth,False,False,34677.37,39051.83,0dc42393-906e-4ea9-b533-5dde38c11012,credit,VEKP53260332309821,34677.37,0aefdc52-7a4d-406a-8575-80d9efec50b9,James Johnson,matthewreeves@example.net,+1-375-984-2824,"825 Jeffrey Fork Suite 655, Brendamouth, PR 15938",1971-04-05,2021-12-06T05:21:59.838761,Unusual withdrawal on credit account
8b72d99d-ae54-473d-94db-438e95395fa4,2025-03-20T16:24:58.116273,4201.35,withdrawal,Wallace LLC,Kimberlyport,False,False,35746.87,31545.52,bebbf80a-3241-4577-8bb5-61d9be969c12,credit,GATY40777809733977,38657.72,65605445-0dab-4261-a6e0-5e82259cc0f7,Michelle Fletcher,rodney65@example.com,637-648-9691x085,"54544 Lopez Path Apt. 096, Erintown, SD 65692",2007-02-03,2022-02-28T00:30:31.578761,Unusual withdrawal on credit account
3a99641f-669c-43a5-b257-6fd3ef2e7d60,2025-04-04T10:21:46.810424,3268.42,payment,Little-Hawkins,Brownland,False,False,84134.64,87403.06,e3f479fb-b059-4346-8b4f-aad37ac1196a,credit,RMIC68622783769389,85124.03,4d2c74a9-6738-4644-90a9-b15a58041152,Teresa Powers,heather62@example.com,(428)873-3427x0866,"1751 Brett Lane, Port Charlesshire, VA 88509",1977-04-07,2025-04-02T02:41:22.620262,Unusual withdrawal on credit account
445bc05d-7acf-4135-b223-97046a0af126,2025-01-10T06:48:51.321211,4823.03,deposit,"Roberson, Fischer and Johnson",New Amandaborough,True,False,58433.75,63256.78,35af3d62-4dd0-4813-bb33-fafe408196e1,credit,EOFH18432225913651,58783.56,574e1fc2-e4fe-4276-a542-5741936a9b92,Regina Baker,plee@example.com,+1-743-644-3757,"5240 Moses Common Suite 747, East Maria, KY 74165",1986-08-08,2022-07-15T07:24:45.495053,High transaction amount (>95th percentile)
d583a1f5-88ce-43f3-b10f-710176dceecf,2025-03-12T23:00:23.653219,3632.06,withdrawal,Anderson-Walters,New Mercedesborough,False,False,56426.65,52794.59,48892d55-8cc4-460f-b82e-55f9d054396a,credit,CEQC44294440192927,59654.99,f891cd7c-e9b9-465e-a22e-694c2f3b08a0,Ashley Bird,shawn88@example.com,(687)443-1527,"9329 Wilcox Passage Suite 161, East Thomas, IA 01396",1956-12-30,2021-12-12T07:58:20.850303,Unusual withdrawal on credit account
74377892-1e86-4002-8afa-78db77081511,2025-02-02T20:57:47.611629,4657.32,payment,Parker Group,New Nancy,False,False,14393.21,19050.53,e7a2acf9-210a-4823-b2bf-c8c0d50ca3b9,credit,UFQR51587996846081,24562.46,d9e2fbe8-ac1b-4a49-8524-b951a1c2e768,Brian Deleon,vdickson@example.org,622.460.2563,"0733 Bailey View, East Andrew, ID 52728",1961-08-02,2020-02-18T14:48:13.262749,Unusual withdrawal on credit account
74fca0e4-f1b5-4c1d-bb41-c45151fed133,2025-03-12T22:28:52.025726,4790.18,payment,Johnson Inc,New Raymondfort,False,False,16740.77,21530.95,a6443269-da23-4d76-a3bc-d61e4b48377d,credit,LJED68942104478985,12340.62,794c7fe3-02fd-4436-b989-94e0266106c2,William Moreno,terrigarcia@example.net,448.503.9652,"059 Anna Field Suite 842, Johnsonton, IN 79362",1954-02-21,2022-04-14T06:08:00.890942,High transaction amount (>95th percentile); Unusual withdrawal on credit account
acad5ee0-0d29-4f73-8c08-f769f7d1609f,2025-01-12T23:02:40.165205,4922.05,transfer,Rios-Anderson,Michelleland,False,False,96476.81,91554.76,edef93f3-0313-49d7-ba5f-2e160a65833d,savings,EWZJ93214958702070,95011.56,569a4a1f-69c1-4a42-8455-f675f1b78b31,Dana Burns,ethompson@example.net,+1-255-424-1406,"33468 Michelle Trafficway, South Rhondaburgh, PA 01610",1954-06-24,2020-07-22T18:35:57.885091,High transaction amount (>95th percentile)
de7e6590-09e8-439d-8b92-c8498e05fa00,2025-03-20T07:43:26.767686,4272.36,withdrawal,Davis and Sons,Port Sheri,False,False,43886.77,39614.41,f0d869c8-3acf-4671-aac0-8b9a0bf493d8,credit,YJFL97927033521103,39013.87,2268db3b-dcb0-41de-a267-5e928de368ff,Gary Mccann,uterry@example.net,+1-944-443-1069,"1497 Collin Ford, Lake Kelly, CO 62572",1996-08-21,2024-12-30T12:11:09.939502,Unusual withdrawal on credit account
8e98acd7-e337-4952-bd69-b3d81ce2653d,2025-02-27T09:38:13.158753,4896.47,transfer,Thomas PLC,Millsshire,False,False,50601.93,45705.46,bddee081-8d95-406c-a925-be13730fc0e9,savings,VGTU11192692124471,52146.1,da768069-b115-4b81-a303-9cb0bb76fc78,Robert Soto,daniellereynolds@example.org,001-393-479-6603x3419,"1478 Harper Ridge, Matthewsstad, MI 60513",1981-03-30,2023-05-13T20:12:57.774046,High transaction amount (>95th percentile)
b14e133b-c3ec-45aa-92ba-29af66c80bc3,2025-03-08T18:48:00.676539,3604.2,payment,"Norton, Gardner and Edwards",West Steven,False,False,26251.55,29855.75,6f70528c-c86c-4ac9-9410-a477498aabcf,credit,ORJM99733549465190,20634.65,58891aea-76d4-4a24-b400-c6984a6f3573,Chloe Tran,hughesshannon@example.net,599-812-1655x852,"25787 Catherine Passage, West Sarah, MD 21800",1965-12-25,2023-03-22T08:15:36.632464,Unusual withdrawal on credit account
4125e885-c430-4b6c-9fc7-2efabdb0036b,2025-02-16T17:18:21.265759,4293.22,payment,"Trevino, Haney and Miller",South Hollyfurt,True,False,6546.7,10839.92,a4904d96-b20d-4bda-bc8f-79bdb00a80c3,credit,RRZI50615939982455,16300.78,6cb01cfa-2094-4edf-b96c-728d3b341847,John Archer,smithcarlos@example.com,800.368.4866,"1418 Terri Drives, Peterland, ME 92077",1969-01-04,2023-07-19T01:01:06.048270,Unusual withdrawal on credit account
8aa3a207-b5e2-4952-ae57-7bd6605cc199,2025-03-16T20:42:08.437093,4875.03,deposit,"Wells, Collins and Boyd",New Meganburgh,False,False,28759.07,33634.1,b412f2ab-ebc1-4382-a38a-7a07d1c16b0a,checking,HLOJ38421503178078,33357.73,2f648fc2-7374-4692-ba7c-e83e92e24b13,Brent Burton,parkerscott@example.net,(621)445-6232x858,"5171 Karen Fork Suite 851, Smithside, DE 60110",1964-04-29,2020-10-23T09:42:12.368166,High transaction amount (>95th percentile)
831cb4c0-b1f6-41c2-b2ee-ec2c1b0759a0,2025-03-29T14:41:45.992798,4038.84,payment,"Bowen, Diaz and Smith",Butlerton,False,False,29855.75,33894.59,6f70528c-c86c-4ac9-9410-a477498aabcf,credit,ORJM99733549465190,20634.65,58891aea-76d4-4a24-b400-c6984a6f3573,Chloe Tran,hughesshannon@example.net,599-812-1655x852,"25787 Catherine Passage, West Sarah, MD 21800",1965-12-25,2023-03-22T08:15:36.632464,Unusual withdrawal on credit account
0861acfd-f5b3-4439-9937-208fb5ffd657,2025-03-10T06:49:22.773797,4989.83,deposit,Ramirez PLC,Robertborough,False,False,5511.83,10501.66,83400949-a7a9-4ca7-90c8-12d2fb6697e4,checking,EPHK85730652407784,1167.44,3047d14c-b6c9-442e-9979-0fd110826b3f,Christopher Gutierrez,ybell@example.org,793.427.1040x5411,"181 Wheeler Ridges, Bushchester, SD 22127",1980-07-23,2022-11-10T01:47:39.939655,High transaction amount (>95th percentile)
63cd356a-f59d-42d1-9aa5-1bbbf0670fd6,2025-03-15T19:45:12.143293,3918.46,payment,"Rodriguez, Simmons and Adams",Watkinsburgh,False,False,76817.61,80736.07,b2ccb6ea-5f0c-444e-98ff-052703277320,credit,AWVQ99358891637562,76817.61,dbf40ada-bedb-486c-ba88-bac3372b8fb3,Brittney Campbell,jenniferharris@example.net,687-440-1640x052,"011 Amy Village Suite 982, Andersonport, MN 05730",2000-05-22,2024-06-02T01:47:12.530538,Unusual withdrawal on credit account
fb150d3f-9ba0-4260-8d7b-a6e40c51ad28,2025-03-18T18:29:43.990512,4992.18,payment,"Green, Turner and Palmer",Lake Lauren,False,False,6254.6,11246.78,582905e8-e7db-4057-b114-498df8b30ff8,credit,FMUM59184638655779,4934.42,cf99e46f-3b9d-4a1f-a5fd-3d8dd01330bb,Mrs. Hannah Montoya MD,rowejoel@example.net,001-259-762-9233,"4494 Derek Terrace, Sellersview, VI 86470",1947-11-22,2020-01-13T16:36:44.269464,High transaction amount (>95th percentile); Unusual withdrawal on credit account
edd64e61-18ce-4419-93a9-6c4a2b3e5a5e,2025-02-06T04:48:46.633888,4957.36,payment,Lewis-Walls,Julieburgh,False,False,5237.54,10194.9,a043ee36-5423-4858-9905-5e179bdb7c6f,checking,PGSF85574982182744,7927.41,898cace7-aee2-448d-8b8f-91164a959c35,Katie Martinez,laurayoung@example.com,3583957829,"669 David Island Apt. 778, Davidside, SC 77543",1951-08-21,2022-11-07T21:42:33.862412,High transaction amount (>95th percentile)
36a498bf-d92f-4230-8413-5a94659483af,2025-03-31T22:45:25.429375,4922.05,withdrawal,Cooper LLC,Lynnberg,False,False,21530.95,16608.9,a6443269-da23-4d76-a3bc-d61e4b48377d,credit,LJED68942104478985,12340.62,794c7fe3-02fd-4436-b989-94e0266106c2,William Moreno,terrigarcia@example.net,448.503.9652,"059 Anna Field Suite 842, Johnsonton, IN 79362",1954-02-21,2022-04-14T06:08:00.890942,High transaction amount (>95th percentile); Unusual withdrawal on credit account
66825bc1-8a79-4997-893d-90a2a35b6a59,2025-03-06T06:05:01.649054,4393.99,withdrawal,Sims-Crane,West Angelaside,False,False,28836.16,24442.17,8c1a3145-4ff8-446a-a91a-94df280dddac,credit,PEWX61493316373516,45697.13,e846e28e-f9d5-487d-965c-cea50d5d3ce7,Tiffany Turner,greenmichael@example.org,6177426841,"72795 Miles Mountains, Port John, WV 78595",1998-08-21,2020-03-30T10:54:04.776076,Unusual withdrawal on credit account
745f65e5-d8c3-4a69-bb29-9752a6ce8152,2025-03-03T01:12:11.503965,4806.17,deposit,Hunter-Palmer,Josephside,False,False,67771.15,72577.32,54bc95a3-4094-4878-a26c-bc974ebaf005,checking,OAYU86209593518638,66675.36,6cb01cfa-2094-4edf-b96c-728d3b341847,John Archer,smithcarlos@example.com,800.368.4866,"1418 Terri Drives, Peterland, ME 92077",1969-01-04,2023-08-07T08:09:39.703517,High transaction amount (>95th percentile)
6f90b651-9f75-4e87-9b14-4fd892b848fb,2025-04-04T16:51:01.852215,4696.0,payment,Brewer-Taylor,Wangtown,False,False,74287.38,78983.38,1d957500-eafb-4328-a229-5bdb7801251c,savings,QIZB46084325621689,80340.24,2446a98e-ada1-4060-a1b5-7fbc77cf0ad5,Taylor Jones DVM,mitchellhector@example.org,001-865-467-6618x25128,"04786 Morrow Gateway, Reedview, ID 95531",1991-04-26,2024-08-05T20:14:39.732389,High transaction amount (>95th percentile)
0abdff1d-8823-4c95-bca6-8b9404ad7967,2025-01-15T13:22:59.806077,3100.73,withdrawal,Silva LLC,Valdezborough,False,False,55406.07,52305.34,48892d55-8cc4-460f-b82e-55f9d054396a,credit,CEQC44294440192927,59654.99,f891cd7c-e9b9-465e-a22e-694c2f3b08a0,Ashley Bird,shawn88@example.com,(687)443-1527,"9329 Wilcox Passage Suite 161, East Thomas, IA 01396",1956-12-30,2021-12-12T07:58:20.850303,Unusual withdrawal on credit account
ca7fc033-5cbb-4c0b-ad1f-909dd5b15e4c,2025-02-11T01:00:02.695898,3057.39,withdrawal,Hall-Gillespie,Anthonymouth,False,False,62121.55,59064.16,35af3d62-4dd0-4813-bb33-fafe408196e1,credit,EOFH18432225913651,58783.56,574e1fc2-e4fe-4276-a542-5741936a9b92,Regina Baker,plee@example.com,+1-743-644-3757,"5240 Moses Common Suite 747, East Maria, KY 74165",1986-08-08,2022-07-15T07:24:45.495053,Unusual withdrawal on credit account
26e144de-5851-4448-aa52-c20ffa7a034b,2025-01-23T04:28:14.691417,4239.75,payment,"Miller, Schneider and Price",Smithview,False,False,40521.46,44761.21,8f93de60-bb50-4680-a783-7e882dd7d358,credit,WGOC45211175186892,47126.51,fe25b13b-cb6a-4dc5-b50a-fb621b454e7b,Richard Cooper,ingramjill@example.com,(405)385-2772,"43030 Mahoney Passage Suite 874, Port Deborahport, MI 06766",1998-02-19,2021-12-29T11:25:35.129467,Unusual withdrawal on credit account
471d6067-b7cd-4db6-816e-eac106b03701,2025-03-13T18:31:17.713293,4994.94,payment,"White, Koch and Rodriguez",North Tyler,False,False,67105.03,72099.97,779bc97d-6ce8-45dc-b75d-4334064454be,credit,AFCI65669380118489,63789.56,d13ba036-8d30-427d-ad6a-3a7fa3e530f4,Stephanie Byrd,charleslandry@example.net,664-674-3671x3695,"0909 Wall Heights Apt. 953, New John, WV 94994",1991-06-14,2021-10-31T15:24:18.107535,High transaction amount (>95th percentile); Unusual withdrawal on credit account
72c63b44-9786-4405-ad04-61ae451679da,2025-01-25T03:52:36.993208,3429.04,payment,Lopez-Hopkins,Jennifermouth,False,False,72099.97,75529.01,779bc97d-6ce8-45dc-b75d-4334064454be,credit,AFCI65669380118489,63789.56,d13ba036-8d30-427d-ad6a-3a7fa3e530f4,Stephanie Byrd,charleslandry@example.net,664-674-3671x3695,"0909 Wall Heights Apt. 953, New John, WV 94994",1991-06-14,2021-10-31T15:24:18.107535,Unusual withdrawal on credit account
a2da9e69-44a0-4f41-beed-51f2330f9fd8,2025-01-30T16:47:24.378671,4662.03,withdrawal,Tran-Ayers,South Lori,False,False,13178.15,8516.12,a6443269-da23-4d76-a3bc-d61e4b48377d,credit,LJED68942104478985,12340.62,794c7fe3-02fd-4436-b989-94e0266106c2,William Moreno,terrigarcia@example.net,448.503.9652,"059 Anna Field Suite 842, Johnsonton, IN 79362",1954-02-21,2022-04-14T06:08:00.890942,Unusual withdrawal on credit account
14baf752-2408-45f8-9184-ccdbe26fe141,2025-02-01T16:14:26.172394,4868.54,purchase,"Wilson, Collins and Garcia",Hallmouth,False,False,79497.08,74628.54,989b95e3-8297-4800-9eab-29cf6c5095ab,checking,OMLH26909738468950,82410.76,44306ed8-cd73-4671-9027-75c3fbbbc773,Valerie Gray,maria95@example.net,610.934.1316,"55341 Amanda Gardens Apt. 764, Lake Mark, WI 07832",1954-11-02,2025-02-24T20:36:34.446465,High transaction amount (>95th percentile)
1523f026-d13b-476b-bed5-7610afabb32b,2025-01-17T07:04:51.820308,4737.5,transfer,"Holt, Bauer and Blake",New Dakota,False,False,21062.45,16324.95,9bf397c3-c727-4e0d-8222-3c418a3b34ee,savings,IAKM82996291450461,26755.48,e7fe30d5-3f9b-44de-aae5-1097cbbd8243,Susan Murray MD,tyronemoran@example.net,001-446-377-3782x639,"8404 Monroe Prairie Suite 278, Reedside, WV 71729",1964-11-29,2022-08-14T04:47:07.298045,High transaction amount (>95th percentile)
09c95e48-8bd5-4dcb-8597-3a33735d8b49,2025-03-24T10:30:42.400759,3937.7,payment,"Boyer, Johnson and Ross",Caldwelltown,False,False,31545.52,35483.22,bebbf80a-3241-4577-8bb5-61d9be969c12,credit,GATY40777809733977,38657.72,65605445-0dab-4261-a6e0-5e82259cc0f7,Michelle Fletcher,rodney65@example.com,637-648-9691x085,"54544 Lopez Path Apt. 096, Erintown, SD 65692",2007-02-03,2022-02-28T00:30:31.578761,Unusual withdrawal on credit account
12585ac3-4d0a-444d-a115-526ff366a80e,2025-01-10T19:10:11.895911,2267.61,transfer,"Davis, Sullivan and Howell",Port Patrick,False,False,3110.06,842.45,1f9f5c71-20d5-457b-8d70-f2d087331d7e,credit,RPUY25639427881658,8931.04,a130f765-1188-4e93-a8f2-07d9e47e760e,Lauren Williams,barnesbrandy@example.net,343-353-4624x75107,"51354 Samuel Plains Suite 980, Sarahville, FM 18102",1957-03-31,2020-01-21T09:00:48.144119,Closing balance < ₹1000
1156f757-04eb-4d88-abf8-19c1f7a7ea76,2025-02-01T05:18:24.539292,4951.49,withdrawal,Lopez LLC,Katherineside,False,False,35483.22,30531.73,bebbf80a-3241-4577-8bb5-61d9be969c12,credit,GATY40777809733977,38657.72,65605445-0dab-4261-a6e0-5e82259cc0f7,Michelle Fletcher,rodney65@example.com,637-648-9691x085,"54544 Lopez Path Apt. 096, Erintown, SD 65692",2007-02-03,2022-02-28T00:30:31.578761,High transaction amount (>95th percentile); Unusual withdrawal on credit account
8a96ed7b-8379-4c71-8ee8-d7cef74f7a84,2025-02-25T02:43:06.012137,4808.88,deposit,"Johnson, Harper and Jordan",South Jason,True,False,76892.15,81701.03,94e21ccf-01db-47f9-8598-8cd55fa03883,savings,GTMF71286391741011,69370.32,da768069-b115-4b81-a303-9cb0bb76fc78,Robert Soto,daniellereynolds@example.org,001-393-479-6603x3419,"1478 Harper Ridge, Matthewsstad, MI 60513",1981-03-30,2023-01-04T02:43:40.399228,High transaction amount (>95th percentile)
d39299dd-adad-4dcd-b05c-fb4a8e0891d8,2025-03-19T20:39:27.329278,4803.1,withdrawal,Horton-Taylor,Isaacport,False,False,14284.47,9481.37,9b5f5153-d281-41d8-b29c-fdde81195408,savings,MXBR68034764472649,23894.89,923b71c5-028c-4467-881c-5f06b6a1ad1b,Stephen Sanchez,qhudson@example.com,207-552-7354x54948,"8377 Mcguire Course Suite 363, Elizabethstad, NJ 73045",1975-05-14,2024-11-02T23:20:32.839980,High transaction amount (>95th percentile)
80eafad3-36c9-41bb-bd3a-fbca753ff988,2025-03-06T16:26:24.957747,3673.13,payment,Morgan LLC,East Susan,False,False,75529.01,79202.14,779bc97d-6ce8-45dc-b75d-4334064454be,credit,AFCI65669380118489,63789.56,d13ba036-8d30-427d-ad6a-3a7fa3e530f4,Stephanie Byrd,charleslandry@example.net,664-674-3671x3695,"0909 Wall Heights Apt. 953, New John, WV 94994",1991-06-14,2021-10-31T15:24:18.107535,Unusual withdrawal on credit account
849e5416-2394-471b-b7e3-dcc3281c5672,2025-01-12T16:19:05.280625,3107.03,payment,Todd and Sons,Angelamouth,False,False,19817.8,22924.83,51274302-b181-4f68-a7f9-1331b69c3b2b,credit,WPWT25132719500528,19817.8,85c20cc3-7c6b-49b4-b11e-094922f031b6,Danielle Grimes,lisapeck@example.net,532-578-7747x01687,"47974 Melanie Meadows, West Jessica, WV 53356",1964-02-23,2024-03-02T13:38:58.474697,Unusual withdrawal on credit account
1093947e-bee3-46e3-850f-033db6d6b8f6,2025-02-26T01:16:06.977975,2756.44,withdrawal,"Shah, Mcintyre and Villanueva",Bairdton,False,False,2888.87,132.43,582905e8-e7db-4057-b114-498df8b30ff8,credit,FMUM59184638655779,4934.42,cf99e46f-3b9d-4a1f-a5fd-3d8dd01330bb,Mrs. Hannah Montoya MD,rowejoel@example.net,001-259-762-9233,"4494 Derek Terrace, Sellersview, VI 86470",1947-11-22,2020-01-13T16:36:44.269464,Closing balance < ₹1000
0a7470aa-a120-4d7a-9891-c34f5aff684b,2025-01-24T02:00:02.186852,4824.3,deposit,Banks Ltd,Port Julie,False,False,6366.69,11190.99,6dd069a7-ddfd-4cfe-9f08-d6ca1607ff59,credit,HZTV28272299275037,7728.13,dbf40ada-bedb-486c-ba88-bac3372b8fb3,Brittney Campbell,jenniferharris@example.net,687-440-1640x052,"011 Amy Village Suite 982, Andersonport, MN 05730",2000-05-22,2021-03-21T19:47:29.941374,High transaction amount (>95th percentile)
74314042-d8b7-4330-8789-f7a17b9783d9,2025-01-04T23:32:08.359231,3335.87,withdrawal,Andrews-Alexander,Jackside,False,False,3669.68,333.81,65f03631-8e48-451f-8157-9bedcf08142d,credit,NNBK58303441448850,3669.68,6cb01cfa-2094-4edf-b96c-728d3b341847,John Archer,smithcarlos@example.com,800.368.4866,"1418 Terri Drives, Peterland, ME 92077",1969-01-04,2020-08-06T23:47:36.408801,Closing balance < ₹1000; Unusual withdrawal on credit account
2849f477-5294-45f8-a082-dbc7413a3015,2025-02-13T03:21:11.621001,3879.83,withdrawal,Nguyen PLC,New Alicia,False,False,10497.61,6617.78,609d0353-7e6d-4011-a12f-93f71a821142,credit,ZWOD74773329456255,12324.56,4d2c74a9-6738-4644-90a9-b15a58041152,Teresa Powers,heather62@example.com,(428)873-3427x0866,"1751 Brett Lane, Port Charlesshire, VA 88509",1977-04-07,2022-05-21T23:52:49.967800,Unusual withdrawal on credit account
398c827e-f2d7-452c-8e4e-740b24e0b12e,2025-02-21T03:43:54.820191,308.82,purchase,"Lee, Campbell and Winters",Lake Coreyborough,False,False,333.81,24.99,65f03631-8e48-451f-8157-9bedcf08142d,credit,NNBK58303441448850,3669.68,6cb01cfa-2094-4edf-b96c-728d3b341847,John Archer,smithcarlos@example.com,800.368.4866,"1418 Terri Drives, Peterland, ME 92077",1969-01-04,2020-08-06T23:47:36.408801,Closing balance < ₹1000
282137f2-accd-475f-a136-ab58a8a5c44f,2025-02-11T00:33:19.777502,3043.45,withdrawal,"Perez, Rodriguez and Rollins",South Danielberg,True,False,14098.87,11055.42,1b8817c2-e95b-49ed-ac5f-04bf626ca67a,credit,EBVB34244204380571,14098.87,2f648fc2-7374-4692-ba7c-e83e92e24b13,Brent Burton,parkerscott@example.net,(621)445-6232x858,"5171 Karen Fork Suite 851, Smithside, DE 60110",1964-04-29,2023-03-31T05:28:29.257225,Unusual withdrawal on credit account
6963346c-5635-4a62-9cfc-ec9b10581f43,2025-03-09T05:34:18.186869,4768.19,withdrawal,Figueroa and Sons,West Theresamouth,False,False,88260.2,83492.01,344992a6-6647-41a5-8710-2fab4206090b,savings,PYXO16947225699611,88260.2,b95270cb-77cd-44cb-bc55-7ab2f84eb275,Doris Hall,jacqueline71@example.net,649.436.1832,"9947 Taylor Hollow, Benderhaven, ND 65223",1969-01-11,2020-11-07T15:26:43.421663,High transaction amount (>95th percentile)
dbefd0d7-715a-4441-8ccd-fb19ac08fc39,2025-01-03T21:00:17.960510,3004.05,withdrawal,"Brown, Jones and Gregory",South Cassandra,False,False,75771.25,72767.2,0a931dad-7dfb-481e-a00c-c74f2a08268e,credit,RACZ99488375503758,75771.25,2f648fc2-7374-4692-ba7c-e83e92e24b13,Brent Burton,parkerscott@example.net,(621)445-6232x858,"5171 Karen Fork Suite 851, Smithside, DE 60110",1964-04-29,2024-01-16T07:16:43.671206,Unusual withdrawal on credit account
fff08ac5-4b8d-4bfd-bd9b-da0b23da4af7,2025-01-29T18:14:50.718729,4309.51,deposit,"Morales, Perez and Newton",Lake Meganville,True,True,86016.64,90326.15,61f5da9c-80c1-4dd0-8165-2d175910902d,savings,OZEE69848583339452,90636.58,602587c5-15a6-4a21-a7a6-21ce2252077d,Molly Mcclure,basschristina@example.com,7532773515,"71390 Kristin Gardens, Port Anne, CA 73142",1953-05-08,2025-03-02T19:49:46.952777,Foreign + High-risk country
01845d51-4c2b-46f7-8555-d15a65891223,2025-01-25T07:19:36.411953,445.21,withdrawal,"Chavez, Hines and White",Lake Jacquelineburgh,False,False,24.99,24.99,65f03631-8e48-451f-8157-9bedcf08142d,credit,NNBK58303441448850,3669.68,6cb01cfa-2094-4edf-b96c-728d3b341847,John Archer,smithcarlos@example.com,800.368.4866,"1418 Terri Drives, Peterland, ME 92077",1969-01-04,2020-08-06T23:47:36.408801,Closing balance < ₹1000
dfc576cf-4d68-48ef-b734-d526dc8a21dd,2025-01-23T20:11:24.105059,4756.7,transfer,Wilson and Sons,East Lauraport,False,False,24562.46,19805.76,e7a2acf9-210a-4823-b2bf-c8c0d50ca3b9,credit,UFQR51587996846081,24562.46,d9e2fbe8-ac1b-4a49-8524-b951a1c2e768,Brian Deleon,vdickson@example.org,622.460.2563,"0733 Bailey View, East Andrew, ID 52728",1961-08-02,2020-02-18T14:48:13.262749,High transaction amount (>95th percentile)
0e1f7ce2-b40f-4972-bed7-c8a6e6187f5b,2025-03-22T12:18:55.162413,4771.39,payment,"Price, Goodman and Young",Robinsonville,False,False,69370.32,74141.71,94e21ccf-01db-47f9-8598-8cd55fa03883,savings,GTMF71286391741011,69370.32,da768069-b115-4b81-a303-9cb0bb76fc78,Robert Soto,daniellereynolds@example.org,001-393-479-6603x3419,"1478 Harper Ridge, Matthewsstad, MI 60513",1981-03-30,2023-01-04T02:43:40.399228,High transaction amount (>95th percentile)
01cd0cc7-f4bc-4b0d-810b-09e98b7bc25a,2025-01-31T14:45:03.655619,4788.82,transfer,Wells-Sanchez,Natashaberg,False,False,26368.13,21579.31,5368b89c-512e-43c4-bb3a-88ff59ecf97a,credit,ACPD57724599281615,26368.13,87136c17-286e-49ca-b78b-7c20eb1befca,Lisa Mayer,allencarlos@example.net,5792030673,"95995 Kevin Divide Apt. 644, New Stacyburgh, SC 89466",1968-04-24,2022-12-05T21:11:42.941609,High transaction amount (>95th percentile)
4a378d93-20c0-4d91-a5a2-431f0f8d312a,2025-01-17T10:57:02.926647,4046.17,payment,"Wilson, Higgins and Graham",Wilcoxfort,False,False,22102.28,26148.45,ec73e808-8d65-49cf-9928-4506cebb6184,credit,AYVU68650863765991,22102.28,d9e2fbe8-ac1b-4a49-8524-b951a1c2e768,Brian Deleon,vdickson@example.org,622.460.2563,"0733 Bailey View, East Andrew, ID 52728",1961-08-02,2022-03-29T12:39:32.207689,Unusual withdrawal on credit account
8982d667-0009-4842-a93a-0818c80bebf0,2025-02-10T11:10:52.713013,3393.14,withdrawal,Sparks-Johnson,Joemouth,False,False,49068.62,45675.48,a6ed0b53-ae4b-44a3-9b6e-42cfc78f7301,credit,MYGN88725887449562,53365.13,b2e9c675-c8d7-498f-9ccc-ad4bbcfe6028,Leah Cruz,iedwards@example.org,513-889-9940x438,"76137 Allison Bridge, Sarahberg, MS 74999",1967-11-18,2024-07-02T18:55:31.772055,Unusual withdrawal on credit account
e16ec9bb-02d5-4a7e-b166-158dd3e4cfba,2025-03-29T18:25:07.325159,3891.73,withdrawal,Aguilar-Holland,North Taylormouth,False,False,66829.83,62938.1,53d2cd22-1b66-44b5-95f9-1ffd91f8920d,credit,KKMX99023557702727,66636.98,78f4895d-3532-4b71-86aa-0a399c539398,Michael Poole,kburns@example.net,766-271-1684x577,"751 Robinson Meadow, South Joseph, MP 37672",1962-03-25,2024-09-12T01:56:30.944366,Unusual withdrawal on credit account
0b4fb254-f642-4a81-aa37-88a1ff3e1b3d,2025-01-09T22:51:46.456858,4904.19,deposit,Thompson-Hanna,Davisborough,False,False,92307.67,97211.86,fcc1cab6-1187-47dc-a5ea-42e8136f4ef7,checking,SYFT84257991366210,92972.81,2446a98e-ada1-4060-a1b5-7fbc77cf0ad5,Taylor Jones DVM,mitchellhector@example.org,001-865-467-6618x25128,"04786 Morrow Gateway, Reedview, ID 95531",1991-04-26,2021-01-24T06:20:37.735033,High transaction amount (>95th percentile)
d916a2e0-b6c3-431f-beac-4e2b8716b448,2025-01-21T10:00:29.870598,3199.15,withdrawal,Burgess PLC,Monicaville,False,False,40662.97,37463.82,bebbf80a-3241-4577-8bb5-61d9be969c12,credit,GATY40777809733977,38657.72,65605445-0dab-4261-a6e0-5e82259cc0f7,Michelle Fletcher,rodney65@example.com,637-648-9691x085,"54544 Lopez Path Apt. 096, Erintown, SD 65692",2007-02-03,2022-02-28T00:30:31.578761,Unusual withdrawal on credit account
61a82d08-7bf8-4fa6-aa3c-0d089844b52f,2025-03-09T07:52:56.745444,4747.59,deposit,Trevino and Sons,Wongbury,True,False,3418.11,8165.7,6c51d5ea-c18d-4fea-933d-735ea0b30b48,savings,XMOY99813646225179,3418.11,0e38de60-2b24-4efd-b397-230bb8f6a744,Joshua Williamson II,wendy16@example.org,001-517-824-0050x45562,"21969 Tyler Prairie, East Steven, KS 60737",1956-08-16,2023-12-04T18:52:06.994768,High transaction amount (>95th percentile)
c63e9812-1502-4160-a736-66380f504b43,2025-01-10T22:20:23.010181,3521.67,withdrawal,"Reynolds, Perry and Simpson",Benjaminfurt,False,False,81264.18,77742.51,3359a53c-838e-4faa-89c0-397b18698f05,credit,HVIX13261117800681,81264.18,4d85be1c-9942-4a2d-ac05-22916e4eec0c,Craig Morales,aguilarjonathan@example.org,9132721510,"670 Vega Extensions Suite 324, Seanberg, AZ 80993",1981-05-14,2020-07-18T22:19:43.890225,Unusual withdrawal on credit account
c0a9f63f-096c-4483-b332-df4e5a99c30c,2025-02-21T02:30:05.852744,4986.33,deposit,Ray-Tran,Patriciachester,False,False,97211.86,102198.19,fcc1cab6-1187-47dc-a5ea-42e8136f4ef7,checking,SYFT84257991366210,92972.81,2446a98e-ada1-4060-a1b5-7fbc77cf0ad5,Taylor Jones DVM,mitchellhector@example.org,001-865-467-6618x25128,"04786 Morrow Gateway, Reedview, ID 95531",1991-04-26,2021-01-24T06:20:37.735033,High transaction amount (>95th percentile)
91678d29-e940-4a1e-9fbf-c4e34c7f129c,2025-01-03T00:18:16.432521,3969.51,transfer,Barber-Harrison,Hallbury,False,False,132.43,132.43,582905e8-e7db-4057-b114-498df8b30ff8,credit,FMUM59184638655779,4934.42,cf99e46f-3b9d-4a1f-a5fd-3d8dd01330bb,Mrs. Hannah Montoya MD,rowejoel@example.net,001-259-762-9233,"4494 Derek Terrace, Sellersview, VI 86470",1947-11-22,2020-01-13T16:36:44.269464,Closing balance < ₹1000
3738ee21-6d18-4738-8745-fadeb47166c3,2025-03-03T02:18:57.888440,4876.99,withdrawal,"Lloyd, Liu and Kaufman",Moralesside,False,False,70202.97,65325.98,54bc95a3-4094-4878-a26c-bc974ebaf005,checking,OAYU86209593518638,66675.36,6cb01cfa-2094-4edf-b96c-728d3b341847,John Archer,smithcarlos@example.com,800.368.4866,"1418 Terri Drives, Peterland, ME 92077",1969-01-04,2023-08-07T08:09:39.703517,High transaction amount (>95th percentile)
f2c5a2d5-e840-4994-b601-3465ccf99b50,2025-03-17T00:08:23.670464,4813.62,transfer,Miller-Medina,Hardyberg,False,False,26183.17,21369.55,9b5f5153-d281-41d8-b29c-fdde81195408,savings,MXBR68034764472649,23894.89,923b71c5-028c-4467-881c-5f06b6a1ad1b,Stephen Sanchez,qhudson@example.com,207-552-7354x54948,"8377 Mcguire Course Suite 363, Elizabethstad, NJ 73045",1975-05-14,2024-11-02T23:20:32.839980,High transaction amount (>95th percentile)
87f4effe-4992-4f48-8ce3-80e41f1fb7cd,2025-03-06T12:18:05.771792,3820.46,withdrawal,"Armstrong, Taylor and Gray",North Mark,False,False,77742.51,73922.05,3359a53c-838e-4faa-89c0-397b18698f05,credit,HVIX13261117800681,81264.18,4d85be1c-9942-4a2d-ac05-22916e4eec0c,Craig Morales,aguilarjonathan@example.org,9132721510,"670 Vega Extensions Suite 324, Seanberg, AZ 80993",1981-05-14,2020-07-18T22:19:43.890225,Unusual withdrawal on credit account
6a5c3961-4ec3-4c29-8567-92741db21116,2025-02-08T23:01:03.650633,4875.54,transfer,"Stone, Foster and Baker",Fieldsmouth,False,False,17464.8,12589.26,caedf6a6-f019-495c-907d-247221ca0096,savings,VJTC47660728326842,17464.8,8278d09b-5ad5-4b10-a36c-4e4f8d1de83a,Steven Hunter,snguyen@example.com,+1-823-266-2994,"9957 Ramos Forest, Leonburgh, TN 11615",1958-07-24,2021-07-27T09:08:17.179392,High transaction amount (>95th percentile)
b023d9cd-f50f-40e6-ac19-93371f61cda8,2025-01-29T10:29:44.832446,4142.31,payment,Moody and Sons,Williamsport,False,False,84373.65,88515.96,425ec9d5-4821-4e6f-ba86-92e5432c6ba9,credit,WVND22868528975585,83538.79,2ae090c9-6d60-42c7-90af-86ec448ed9a7,Linda Romero,terickson@example.com,9556169409,"Unit 9930 Box 9728, DPO AP 95027",1981-05-28,2024-06-13T06:32:22.345126,Unusual withdrawal on credit account
de08a03f-e341-40fc-8496-a5c14bd5a767,2025-03-17T13:57:03.289007,4835.52,withdrawal,Davenport-Bass,Port Dillon,False,False,33800.44,28964.92,b412f2ab-ebc1-4382-a38a-7a07d1c16b0a,checking,HLOJ38421503178078,33357.73,2f648fc2-7374-4692-ba7c-e83e92e24b13,Brent Burton,parkerscott@example.net,(621)445-6232x858,"5171 Karen Fork Suite 851, Smithside, DE 60110",1964-04-29,2020-10-23T09:42:12.368166,High transaction amount (>95th percentile)
7fd1bde4-f2d6-42c2-8f92-70ededc8835b,2025-02-17T12:59:06.386715,3380.96,withdrawal,Morgan and Sons,Johnsonhaven,False,False,76080.05,72699.09,8d773843-13d1-4216-8451-22d53e40bb74,credit,ZJJF09494079290490,77689.5,b2e9c675-c8d7-498f-9ccc-ad4bbcfe6028,Leah Cruz,iedwards@example.org,513-889-9940x438,"76137 Allison Bridge, Sarahberg, MS 74999",1967-11-18,2021-07-05T18:09:10.949521,Unusual withdrawal on credit account
7dd9df61-ab30-4a9b-b424-1af61a894edc,2025-01-31T16:49:22.741616,4786.9,transfer,Davis-Petty,West Douglas,False,False,68419.01,63632.11,82ee11d1-830a-46f0-af16-b42314b97791,savings,VTCK70184094353344,75153.4,4d2c74a9-6738-4644-90a9-b15a58041152,Teresa Powers,heather62@example.com,(428)873-3427x0866,"1751 Brett Lane, Port Charlesshire, VA 88509",1977-04-07,2022-10-20T22:56:26.296593,High transaction amount (>95th percentile)
53fba180-a208-4e31-a3bb-dd7841c1cfd1,2025-02-26T14:28:59.708270,4889.66,payment,"Campbell, Martin and Ferguson",West Christopherville,False,False,10830.03,15719.69,a6443269-da23-4d76-a3bc-d61e4b48377d,credit,LJED68942104478985,12340.62,794c7fe3-02fd-4436-b989-94e0266106c2,William Moreno,terrigarcia@example.net,448.503.9652,"059 Anna Field Suite 842, Johnsonton, IN 79362",1954-02-21,2022-04-14T06:08:00.890942,High transaction amount (>95th percentile); Unusual withdrawal on credit account
2a904795-f258-4534-a587-7ffb963fa8cd,2025-01-13T01:38:49.345569,4945.55,deposit,Mayer-Wallace,Lake Andrew,False,False,84124.73,89070.28,d495697e-106b-4300-a5bf-b8fe089d07b4,checking,XUMM34163894484631,86570.94,fe25b13b-cb6a-4dc5-b50a-fb621b454e7b,Richard Cooper,ingramjill@example.com,(405)385-2772,"43030 Mahoney Passage Suite 874, Port Deborahport, MI 06766",1998-02-19,2020-12-16T21:39:34.197859,High transaction amount (>95th percentile)
1b3dd397-383e-491f-b6ef-ec78f4966953,2025-03-17T00:21:40.400941,4964.32,withdrawal,Harrison PLC,Kellytown,False,False,21369.55,16405.23,9b5f5153-d281-41d8-b29c-fdde81195408,savings,MXBR68034764472649,23894.89,923b71c5-028c-4467-881c-5f06b6a1ad1b,Stephen Sanchez,qhudson@example.com,207-552-7354x54948,"8377 Mcguire Course Suite 363, Elizabethstad, NJ 73045",1975-05-14,2024-11-02T23:20:32.839980,High transaction amount (>95th percentile)
24030240-6390-4804-bad4-ba246cae3aa8,2025-03-03T18:56:14.191883,779.83,withdrawal,"Hall, Hanson and Allen",Lindsayfurt,False,False,24.99,24.99,65f03631-8e48-451f-8157-9bedcf08142d,credit,NNBK58303441448850,3669.68,6cb01cfa-2094-4edf-b96c-728d3b341847,John Archer,smithcarlos@example.com,800.368.4866,"1418 Terri Drives, Peterland, ME 92077",1969-01-04,2020-08-06T23:47:36.408801,Closing balance < ₹1000
99ee82ea-83d7-482f-b1dc-632e7bf09e85,2025-03-05T22:20:25.879169,4928.55,transfer,"Rowland, Cuevas and Keith",North Drewberg,False,False,47004.77,42076.22,d2791890-e1c9-4284-a325-157afa36fb38,checking,GLBV31365024916300,44202.99,3fa012b4-7930-420b-8911-4f70d3f6d324,Laura Mcgrath,davidtodd@example.org,(433)620-6163,"68685 Stone Well, Port Isabellashire, NC 55498",1946-11-30,2023-01-22T20:04:17.162024,High transaction amount (>95th percentile)
46b9cc75-1110-4339-9b33-007c9f58c107,2025-03-16T11:54:25.110290,3274.77,payment,"Butler, Gonzales and Farrell",West Donberg,False,False,5968.32,9243.09,609d0353-7e6d-4011-a12f-93f71a821142,credit,ZWOD74773329456255,12324.56,4d2c74a9-6738-4644-90a9-b15a58041152,Teresa Powers,heather62@example.com,(428)873-3427x0866,"1751 Brett Lane, Port Charlesshire, VA 88509",1977-04-07,2022-05-21T23:52:49.967800,Unusual withdrawal on credit account
f22bf9b0-9ce4-4cf1-b3c2-301fda9decbd,2025-04-06T20:51:55.736687,4951.21,transfer,Brown-Ross,New Mark,False,False,24247.15,19295.94,1e764578-e92c-4433-a991-023becf8e6e6,checking,UIKI41496739385258,21999.87,e7fe30d5-3f9b-44de-aae5-1097cbbd8243,Susan Murray MD,tyronemoran@example.net,001-446-377-3782x639,"8404 Monroe Prairie Suite 278, Reedside, WV 71729",1964-11-29,2020-01-21T08:22:52.043357,High transaction amount (>95th percentile)
20b8596f-da5a-45fc-a3b8-582fc75c89cc,2025-03-09T12:33:08.527299,3292.26,payment,"Barrera, Kerr and Jenkins",West Charlesville,False,False,75361.1,78653.36,8d773843-13d1-4216-8451-22d53e40bb74,credit,ZJJF09494079290490,77689.5,b2e9c675-c8d7-498f-9ccc-ad4bbcfe6028,Leah Cruz,iedwards@example.org,513-889-9940x438,"76137 Allison Bridge, Sarahberg, MS 74999",1967-11-18,2021-07-05T18:09:10.949521,Unusual withdrawal on credit account
fc92e9b9-4a06-4fe7-a43c-3b988305c383,2025-01-13T23:42:33.066520,4823.05,transfer,Schneider-Hodges,Wongport,False,False,5295.73,472.68,a043ee36-5423-4858-9905-5e179bdb7c6f,checking,PGSF85574982182744,7927.41,898cace7-aee2-448d-8b8f-91164a959c35,Katie Martinez,laurayoung@example.com,3583957829,"669 David Island Apt. 778, Davidside, SC 77543",1951-08-21,2022-11-07T21:42:33.862412,Closing balance < ₹1000; High transaction amount (>95th percentile)
d819cee4-b6fe-477d-bb4c-badf2ba4ca95,2025-02-20T10:37:45.774930,4765.26,purchase,Ramos Inc,Port Travisborough,False,False,59654.99,54889.73,48892d55-8cc4-460f-b82e-55f9d054396a,credit,CEQC44294440192927,59654.99,f891cd7c-e9b9-465e-a22e-694c2f3b08a0,Ashley Bird,shawn88@example.com,(687)443-1527,"9329 Wilcox Passage Suite 161, East Thomas, IA 01396",1956-12-30,2021-12-12T07:58:20.850303,High transaction amount (>95th percentile)
063e7e35-4da9-4df6-bca4-87ebb2b8b765,2025-01-25T21:19:07.214767,4834.22,deposit,Torres-Campbell,Jonesberg,False,False,14821.46,19655.68,1e764578-e92c-4433-a991-023becf8e6e6,checking,UIKI41496739385258,21999.87,e7fe30d5-3f9b-44de-aae5-1097cbbd8243,Susan Murray MD,tyronemoran@example.net,001-446-377-3782x639,"8404 Monroe Prairie Suite 278, Reedside, WV 71729",1964-11-29,2020-01-21T08:22:52.043357,High transaction amount (>95th percentile)
5e6b4fca-5c66-4f28-9964-336a7676cb1c,2025-03-06T08:35:12.775609,3468.72,withdrawal,Davis PLC,South Carrieview,False,False,26148.45,22679.73,ec73e808-8d65-49cf-9928-4506cebb6184,credit,AYVU68650863765991,22102.28,d9e2fbe8-ac1b-4a49-8524-b951a1c2e768,Brian Deleon,vdickson@example.org,622.460.2563,"0733 Bailey View, East Andrew, ID 52728",1961-08-02,2022-03-29T12:39:32.207689,Unusual withdrawal on credit account
60a9a5e6-0a8c-4c6d-a820-5a9890cb5185,2025-04-06T11:04:59.641350,3713.88,payment,"Stein, Navarro and Carter",Lake Douglas,False,False,24.99,3738.87,65f03631-8e48-451f-8157-9bedcf08142d,credit,NNBK58303441448850,3669.68,6cb01cfa-2094-4edf-b96c-728d3b341847,John Archer,smithcarlos@example.com,800.368.4866,"1418 Terri Drives, Peterland, ME 92077",1969-01-04,2020-08-06T23:47:36.408801,Unusual withdrawal on credit account
896a5f67-b617-48ae-9cb4-452fee58385b,2025-01-15T18:30:27.698041,4251.28,withdrawal,"Clark, Oconnor and Cochran",Port Kimberlyfort,False,False,3738.87,3738.87,65f03631-8e48-451f-8157-9bedcf08142d,credit,NNBK58303441448850,3669.68,6cb01cfa-2094-4edf-b96c-728d3b341847,John Archer,smithcarlos@example.com,800.368.4866,"1418 Terri Drives, Peterland, ME 92077",1969-01-04,2020-08-06T23:47:36.408801,Unusual withdrawal on credit account
1264618b-ca82-4574-9bce-83eb2f7e83af,2025-01-16T14:15:34.593023,4816.43,withdrawal,"Scott, Mullins and Miller",New Kennethside,False,False,48578.6,43762.17,6017e28d-7911-4e45-b592-bc14755d4724,credit,ACMV45104636815798,52277.82,000a44e6-a30f-407e-8262-9986273e4e48,Donna Landry,gibsonleonard@example.com,768-908-7603,"48247 Martinez Roads, Lake Eric, OH 02293",1976-10-25,2020-06-18T07:52:32.509736,High transaction amount (>95th percentile); Unusual withdrawal on credit account
fab1b402-23ac-49f5-965c-cf8c7006df70,2025-01-13T10:18:08.654889,4934.48,purchase,"Henderson, Pierce and Green",South Stephen,False,False,7570.96,2636.48,17676164-f2ce-4888-8887-91aa2ba40aaa,checking,CUAE76212679692786,7826.72,0abd3392-85ad-4a97-aeab-205ccb0990a1,Christopher Owens,wmartinez@example.org,447.341.1249x035,"8044 Anthony Lodge Suite 883, South Curtisberg, DE 02068",1943-06-16,2022-11-27T23:54:28.514742,High transaction amount (>95th percentile)
566ffcba-5423-4640-9b70-10a2f7db390a,2025-02-19T16:16:26.157570,4765.32,deposit,Sandoval and Sons,Bradleyview,False,False,54776.27,59541.59,35af3d62-4dd0-4813-bb33-fafe408196e1,credit,EOFH18432225913651,58783.56,574e1fc2-e4fe-4276-a542-5741936a9b92,Regina Baker,plee@example.com,+1-743-644-3757,"5240 Moses Common Suite 747, East Maria, KY 74165",1986-08-08,2022-07-15T07:24:45.495053,High transaction amount (>95th percentile)
bbb6c9d4-fb3a-401a-9d1e-1380ed1810f9,2025-04-02T02:09:41.432766,3139.53,payment,Torres Inc,Richardmouth,False,False,73922.05,77061.58,3359a53c-838e-4faa-89c0-397b18698f05,credit,HVIX13261117800681,81264.18,4d85be1c-9942-4a2d-ac05-22916e4eec0c,Craig Morales,aguilarjonathan@example.org,9132721510,"670 Vega Extensions Suite 324, Seanberg, AZ 80993",1981-05-14,2020-07-18T22:19:43.890225,Unusual withdrawal on credit account
62f1c1ee-5179-4869-8ee1-0d6208bc14bf,2025-02-23T05:08:46.261468,4872.9,deposit,"Klein, Nguyen and Duran",Shawfurt,True,False,39013.87,43886.77,f0d869c8-3acf-4671-aac0-8b9a0bf493d8,credit,YJFL97927033521103,39013.87,2268db3b-dcb0-41de-a267-5e928de368ff,Gary Mccann,uterry@example.net,+1-944-443-1069,"1497 Collin Ford, Lake Kelly, CO 62572",1996-08-21,2024-12-30T12:11:09.939502,High transaction amount (>95th percentile)
daa1cca4-55a5-486c-bc72-109bce102ef6,2025-03-31T20:57:33.584836,4132.8,withdrawal,Smith-Gonzalez,South Richardport,False,False,132.43,132.43,582905e8-e7db-4057-b114-498df8b30ff8,credit,FMUM59184638655779,4934.42,cf99e46f-3b9d-4a1f-a5fd-3d8dd01330bb,Mrs. Hannah Montoya MD,rowejoel@example.net,001-259-762-9233,"4494 Derek Terrace, Sellersview, VI 86470",1947-11-22,2020-01-13T16:36:44.269464,Closing balance < ₹1000; Unusual withdrawal on credit account
89ba37cd-f4c5-4fea-9fc2-7b3fbe630131,2025-02-21T23:34:52.114877,1243.05,purchase,"Rodriguez, Reese and Reyes",Mollyside,False,False,132.43,132.43,582905e8-e7db-4057-b114-498df8b30ff8,credit,FMUM59184638655779,4934.42,cf99e46f-3b9d-4a1f-a5fd-3d8dd01330bb,Mrs. Hannah Montoya MD,rowejoel@example.net,001-259-762-9233,"4494 Derek Terrace, Sellersview, VI 86470",1947-11-22,2020-01-13T16:36:44.269464,Closing balance < ₹1000
26a818b1-a0fe-4e57-8b7f-0e056c0e27d6,2025-03-20T21:27:40.500250,4738.06,withdrawal,Lopez Group,Lake Julian,False,False,57264.79,52526.73,351a644c-4d82-4c31-910e-adc6e3d07f4f,checking,FBJL56110022557941,49371.97,548c776c-cd66-43de-9bad-c289980b8042,Karina Cooper,williamsconnie@example.com,6124770632,"54152 Randy Inlet Apt. 611, East Thomasberg, OR 30148",1974-08-02,2021-12-17T19:48:05.342295,High transaction amount (>95th percentile)
fe08c9a5-63b4-4084-ba97-dd6d56c4b87d,2025-04-01T05:44:34.672958,4911.99,withdrawal,"Lindsey, Mccormick and Hensley",Port Diana,False,False,81078.49,76166.5,db83cb2e-5beb-46cd-8228-1b305e9b8615,savings,WQOK00369155942843,83624.91,3a680ad2-678c-4bd3-a66e-08503bf85b41,Jennifer Johnson,jacqueline89@example.net,713-852-9096,"3888 Sean Lock, Bartonshire, UT 66098",1949-07-07,2021-06-02T06:27:35.519620,High transaction amount (>95th percentile)
564b70e1-2c9a-4872-b3c4-ea3fcc111131,2025-01-06T09:41:44.174030,4926.45,payment,Wilson Ltd,South Jessica,False,False,88515.96,93442.41,425ec9d5-4821-4e6f-ba86-92e5432c6ba9,credit,WVND22868528975585,83538.79,2ae090c9-6d60-42c7-90af-86ec448ed9a7,Linda Romero,terickson@example.com,9556169409,"Unit 9930 Box 9728, DPO AP 95027",1981-05-28,2024-06-13T06:32:22.345126,High transaction amount (>95th percentile); Unusual withdrawal on credit account
27cc26ae-95d8-4015-b0a4-b9a31fe4f7a8,2025-01-22T13:25:41.756248,4535.02,withdrawal,Arnold-Wilson,Sampsonstad,False,False,92541.2,88006.18,462e18b4-342a-4d2f-b7c4-208b917e3abf,credit,YEBI61872346013673,96290.9,000a44e6-a30f-407e-8262-9986273e4e48,Donna Landry,gibsonleonard@example.com,768-908-7603,"48247 Martinez Roads, Lake Eric, OH 02293",1976-10-25,2023-11-19T23:32:47.351742,Unusual withdrawal on credit account
c7259670-c4e0-4246-8d10-ab9daa5457a6,2025-03-21T07:45:38.280746,4734.88,transfer,"Stewart, Jackson and Armstrong",Allenfurt,False,False,51087.51,46352.63,6db0dcd2-4370-4745-8aac-804d47ee178c,savings,WMPI28604765801856,49936.34,da7f0890-f106-4b22-95ea-ffb3af50dc4b,Jacob Preston,ykline@example.com,(877)458-4161,"15447 Jackson Mills Suite 705, Hillton, CA 88474",1982-08-12,2023-03-20T09:51:03.887505,High transaction amount (>95th percentile)
47170130-1a93-4d90-88af-b80a8f509e75,2025-03-02T20:01:00.013627,2068.47,withdrawal,"Hernandez, Montgomery and Stephens",New Patrickberg,False,False,2636.48,568.01,17676164-f2ce-4888-8887-91aa2ba40aaa,checking,CUAE76212679692786,7826.72,0abd3392-85ad-4a97-aeab-205ccb0990a1,Christopher Owens,wmartinez@example.org,447.341.1249x035,"8044 Anthony Lodge Suite 883, South Curtisberg, DE 02068",1943-06-16,2022-11-27T23:54:28.514742,Closing balance < ₹1000
1b3e579d-b63b-4d98-856e-98145d5ab0d2,2025-02-26T10:58:32.083378,4740.68,transfer,"Collins, Bauer and Mckay",Hamiltonmouth,False,False,11820.07,7079.39,3e5ac5a7-9cc4-40a3-9fbc-019dedb65eb3,checking,GWZK65126944869594,16616.94,801d6dd6-74d3-4387-9e21-b7fca38784a9,Thomas Brown,holmeskevin@example.org,335-484-1438x42498,"99590 Christopher Row, Debrashire, MT 81517",1982-09-18,2025-03-22T22:54:36.172955,High transaction amount (>95th percentile)
e4c79d98-39d8-40bb-bbee-9bbbb4c97556,2025-02-18T05:38:56.802668,4865.73,payment,Fisher-Martinez,New Mark,False,False,77061.58,81927.31,3359a53c-838e-4faa-89c0-397b18698f05,credit,HVIX13261117800681,81264.18,4d85be1c-9942-4a2d-ac05-22916e4eec0c,Craig Morales,aguilarjonathan@example.org,9132721510,"670 Vega Extensions Suite 324, Seanberg, AZ 80993",1981-05-14,2020-07-18T22:19:43.890225,High transaction amount (>95th percentile); Unusual withdrawal on credit account
a963a847-6af4-4aac-a0fb-6cdb7b8bd372,2025-04-03T00:57:13.119310,3442.77,payment,"Wong, Thomas and Walter",East Allenmouth,False,False,23786.54,27229.31,6f70528c-c86c-4ac9-9410-a477498aabcf,credit,ORJM99733549465190,20634.65,58891aea-76d4-4a24-b400-c6984a6f3573,Chloe Tran,hughesshannon@example.net,599-812-1655x852,"25787 Catherine Passage, West Sarah, MD 21800",1965-12-25,2023-03-22T08:15:36.632464,Unusual withdrawal on credit account
19b9e474-3a3c-4d9c-8024-df80c7b4917e,2025-03-31T15:55:12.429001,4460.85,payment,Gomez and Sons,South Wayne,False,False,10093.49,14554.34,6dd069a7-ddfd-4cfe-9f08-d6ca1607ff59,credit,HZTV28272299275037,7728.13,dbf40ada-bedb-486c-ba88-bac3372b8fb3,Brittney Campbell,jenniferharris@example.net,687-440-1640x052,"011 Amy Village Suite 982, Andersonport, MN 05730",2000-05-22,2021-03-21T19:47:29.941374,Unusual withdrawal on credit account
90d0de4f-e8cc-47ad-bdc3-972d48b2fcab,2025-02-19T03:11:00.908211,4244.98,payment,Alexander LLC,North Deborahchester,False,False,2009.62,6254.6,582905e8-e7db-4057-b114-498df8b30ff8,credit,FMUM59184638655779,4934.42,cf99e46f-3b9d-4a1f-a5fd-3d8dd01330bb,Mrs. Hannah Montoya MD,rowejoel@example.net,001-259-762-9233,"4494 Derek Terrace, Sellersview, VI 86470",1947-11-22,2020-01-13T16:36:44.269464,Unusual withdrawal on credit account
1ce64a13-caac-49e2-a567-7462022cfe2f,2025-03-19T08:45:02.053185,4818.15,deposit,Chavez and Sons,Margaretville,False,False,75117.95,79936.1,30231271-bbb5-4119-9f64-c9e09b2a5308,checking,ZCOJ56424008254780,82233.1,00b0be18-34c9-4f99-a4fa-d89b8def9571,Meghan Cisneros,melindagregory@example.com,4219355690,"USNV Wallace, FPO AE 75726",1948-08-16,2023-08-16T02:02:15.914953,High transaction amount (>95th percentile)
79cc8fe2-23cd-46af-b242-3522272006f0,2025-03-27T00:00:28.001056,3560.81,withdrawal,"Ortega, Mack and Moore",Lake Josephborough,False,False,56762.31,53201.5,48892d55-8cc4-460f-b82e-55f9d054396a,credit,CEQC44294440192927,59654.99,f891cd7c-e9b9-465e-a22e-694c2f3b08a0,Ashley Bird,shawn88@example.com,(687)443-1527,"9329 Wilcox Passage Suite 161, East Thomas, IA 01396",1956-12-30,2021-12-12T07:58:20.850303,Unusual withdrawal on credit account
ee023ecf-8381-4d5e-9e60-2a6457700fcc,2025-01-12T17:56:12.144805,273.74,payment,"Craig, Stevenson and Brown",New Douglas,False,False,472.68,746.42,a043ee36-5423-4858-9905-5e179bdb7c6f,checking,PGSF85574982182744,7927.41,898cace7-aee2-448d-8b8f-91164a959c35,Katie Martinez,laurayoung@example.com,3583957829,"669 David Island Apt. 778, Davidside, SC 77543",1951-08-21,2022-11-07T21:42:33.862412,Closing balance < ₹1000
5c41ba17-8b50-4e67-ad56-26d74f5bf923,2025-02-25T15:43:27.488322,4800.87,withdrawal,"Frederick, Porter and Ross",New Heidiville,False,False,74927.99,70127.12,8d773843-13d1-4216-8451-22d53e40bb74,credit,ZJJF09494079290490,77689.5,b2e9c675-c8d7-498f-9ccc-ad4bbcfe6028,Leah Cruz,iedwards@example.org,513-889-9940x438,"76137 Allison Bridge, Sarahberg, MS 74999",1967-11-18,2021-07-05T18:09:10.949521,High transaction amount (>95th percentile); Unusual withdrawal on credit account
bb56d8bc-a8af-4b10-9cb5-04ccede26ada,2025-02-26T08:56:32.948159,4374.46,payment,Delgado-Johnson,Greenmouth,False,False,34677.37,39051.83,0dc42393-906e-4ea9-b533-5dde38c11012,credit,VEKP53260332309821,34677.37,0aefdc52-7a4d-406a-8575-80d9efec50b9,James Johnson,matthewreeves@example.net,+1-375-984-2824,"825 Jeffrey Fork Suite 655, Brendamouth, PR 15938",1971-04-05,2021-12-06T05:21:59.838761,Unusual withdrawal on credit account
8b72d99d-ae54-473d-94db-438e95395fa4,2025-03-20T16:24:58.116273,4201.35,withdrawal,Wallace LLC,Kimberlyport,False,False,35746.87,31545.52,bebbf80a-3241-4577-8bb5-61d9be969c12,credit,GATY40777809733977,38657.72,65605445-0dab-4261-a6e0-5e82259cc0f7,Michelle Fletcher,rodney65@example.com,637-648-9691x085,"54544 Lopez Path Apt. 096, Erintown, SD 65692",2007-02-03,2022-02-28T00:30:31.578761,Unusual withdrawal on credit account
3a99641f-669c-43a5-b257-6fd3ef2e7d60,2025-04-04T10:21:46.810424,3268.42,payment,Little-Hawkins,Brownland,False,False,84134.64,87403.06,e3f479fb-b059-4346-8b4f-aad37ac1196a,credit,RMIC68622783769389,85124.03,4d2c74a9-6738-4644-90a9-b15a58041152,Teresa Powers,heather62@example.com,(428)873-3427x0866,"1751 Brett Lane, Port Charlesshire, VA 88509",1977-04-07,2025-04-02T02:41:22.620262,Unusual withdrawal on credit account
445bc05d-7acf-4135-b223-97046a0af126,2025-01-10T06:48:51.321211,4823.03,deposit,"Roberson, Fischer and Johnson",New Amandaborough,True,False,58433.75,63256.78,35af3d62-4dd0-4813-bb33-fafe408196e1,credit,EOFH18432225913651,58783.56,574e1fc2-e4fe-4276-a542-5741936a9b92,Regina Baker,plee@example.com,+1-743-644-3757,"5240 Moses Common Suite 747, East Maria, KY 74165",1986-08-08,2022-07-15T07:24:45.495053,High transaction amount (>95th percentile)
d583a1f5-88ce-43f3-b10f-710176dceecf,2025-03-12T23:00:23.653219,3632.06,withdrawal,Anderson-Walters,New Mercedesborough,False,False,56426.65,52794.59,48892d55-8cc4-460f-b82e-55f9d054396a,credit,CEQC44294440192927,59654.99,f891cd7c-e9b9-465e-a22e-694c2f3b08a0,Ashley Bird,shawn88@example.com,(687)443-1527,"9329 Wilcox Passage Suite 161, East Thomas, IA 01396",1956-12-30,2021-12-12T07:58:20.850303,Unusual withdrawal on credit account
74377892-1e86-4002-8afa-78db77081511,2025-02-02T20:57:47.611629,4657.32,payment,Parker Group,New Nancy,False,False,14393.21,19050.53,e7a2acf9-210a-4823-b2bf-c8c0d50ca3b9,credit,UFQR51587996846081,24562.46,d9e2fbe8-ac1b-4a49-8524-b951a1c2e768,Brian Deleon,vdickson@example.org,622.460.2563,"0733 Bailey View, East Andrew, ID 52728",1961-08-02,2020-02-18T14:48:13.262749,Unusual withdrawal on credit account
74fca0e4-f1b5-4c1d-bb41-c45151fed133,2025-03-12T22:28:52.025726,4790.18,payment,Johnson Inc,New Raymondfort,False,False,16740.77,21530.95,a6443269-da23-4d76-a3bc-d61e4b48377d,credit,LJED68942104478985,12340.62,794c7fe3-02fd-4436-b989-94e0266106c2,William Moreno,terrigarcia@example.net,448.503.9652,"059 Anna Field Suite 842, Johnsonton, IN 79362",1954-02-21,2022-04-14T06:08:00.890942,High transaction amount (>95th percentile); Unusual withdrawal on credit account
acad5ee0-0d29-4f73-8c08-f769f7d1609f,2025-01-12T23:02:40.165205,4922.05,transfer,Rios-Anderson,Michelleland,False,False,96476.81,91554.76,edef93f3-0313-49d7-ba5f-2e160a65833d,savings,EWZJ93214958702070,95011.56,569a4a1f-69c1-4a42-8455-f675f1b78b31,Dana Burns,ethompson@example.net,+1-255-424-1406,"33468 Michelle Trafficway, South Rhondaburgh, PA 01610",1954-06-24,2020-07-22T18:35:57.885091,High transaction amount (>95th percentile)
de7e6590-09e8-439d-8b92-c8498e05fa00,2025-03-20T07:43:26.767686,4272.36,withdrawal,Davis and Sons,Port Sheri,False,False,43886.77,39614.41,f0d869c8-3acf-4671-aac0-8b9a0bf493d8,credit,YJFL97927033521103,39013.87,2268db3b-dcb0-41de-a267-5e928de368ff,Gary Mccann,uterry@example.net,+1-944-443-1069,"1497 Collin Ford, Lake Kelly, CO 62572",1996-08-21,2024-12-30T12:11:09.939502,Unusual withdrawal on credit account
8e98acd7-e337-4952-bd69-b3d81ce2653d,2025-02-27T09:38:13.158753,4896.47,transfer,Thomas PLC,Millsshire,False,False,50601.93,45705.46,bddee081-8d95-406c-a925-be13730fc0e9,savings,VGTU11192692124471,52146.1,da768069-b115-4b81-a303-9cb0bb76fc78,Robert Soto,daniellereynolds@example.org,001-393-479-6603x3419,"1478 Harper Ridge, Matthewsstad, MI 60513",1981-03-30,2023-05-13T20:12:57.774046,High transaction amount (>95th percentile)
b14e133b-c3ec-45aa-92ba-29af66c80bc3,2025-03-08T18:48:00.676539,3604.2,payment,"Norton, Gardner and Edwards",West Steven,False,False,26251.55,29855.75,6f70528c-c86c-4ac9-9410-a477498aabcf,credit,ORJM99733549465190,20634.65,58891aea-76d4-4a24-b400-c6984a6f3573,Chloe Tran,hughesshannon@example.net,599-812-1655x852,"25787 Catherine Passage, West Sarah, MD 21800",1965-12-25,2023-03-22T08:15:36.632464,Unusual withdrawal on credit account
4125e885-c430-4b6c-9fc7-2efabdb0036b,2025-02-16T17:18:21.265759,4293.22,payment,"Trevino, Haney and Miller",South Hollyfurt,True,False,6546.7,10839.92,a4904d96-b20d-4bda-bc8f-79bdb00a80c3,credit,RRZI50615939982455,16300.78,6cb01cfa-2094-4edf-b96c-728d3b341847,John Archer,smithcarlos@example.com,800.368.4866,"1418 Terri Drives, Peterland, ME 92077",1969-01-04,2023-07-19T01:01:06.048270,Unusual withdrawal on credit account
8aa3a207-b5e2-4952-ae57-7bd6605cc199,2025-03-16T20:42:08.437093,4875.03,deposit,"Wells, Collins and Boyd",New Meganburgh,False,False,28759.07,33634.1,b412f2ab-ebc1-4382-a38a-7a07d1c16b0a,checking,HLOJ38421503178078,33357.73,2f648fc2-7374-4692-ba7c-e83e92e24b13,Brent Burton,parkerscott@example.net,(621)445-6232x858,"5171 Karen Fork Suite 851, Smithside, DE 60110",1964-04-29,2020-10-23T09:42:12.368166,High transaction amount (>95th percentile)
831cb4c0-b1f6-41c2-b2ee-ec2c1b0759a0,2025-03-29T14:41:45.992798,4038.84,payment,"Bowen, Diaz and Smith",Butlerton,False,False,29855.75,33894.59,6f70528c-c86c-4ac9-9410-a477498aabcf,credit,ORJM99733549465190,20634.65,58891aea-76d4-4a24-b400-c6984a6f3573,Chloe Tran,hughesshannon@example.net,599-812-1655x852,"25787 Catherine Passage, West Sarah, MD 21800",1965-12-25,2023-03-22T08:15:36.632464,Unusual withdrawal on credit account
0861acfd-f5b3-4439-9937-208fb5ffd657,2025-03-10T06:49:22.773797,4989.83,deposit,Ramirez PLC,Robertborough,False,False,5511.83,10501.66,83400949-a7a9-4ca7-90c8-12d2fb6697e4,checking,EPHK85730652407784,1167.44,3047d14c-b6c9-442e-9979-0fd110826b3f,Christopher Gutierrez,ybell@example.org,793.427.1040x5411,"181 Wheeler Ridges, Bushchester, SD 22127",1980-07-23,2022-11-10T01:47:39.939655,High transaction amount (>95th percentile)
63cd356a-f59d-42d1-9aa5-1bbbf0670fd6,2025-03-15T19:45:12.143293,3918.46,payment,"Rodriguez, Simmons and Adams",Watkinsburgh,False,False,76817.61,80736.07,b2ccb6ea-5f0c-444e-98ff-052703277320,credit,AWVQ99358891637562,76817.61,dbf40ada-bedb-486c-ba88-bac3372b8fb3,Brittney Campbell,jenniferharris@example.net,687-440-1640x052,"011 Amy Village Suite 982, Andersonport, MN 05730",2000-05-22,2024-06-02T01:47:12.530538,Unusual withdrawal on credit account
fb150d3f-9ba0-4260-8d7b-a6e40c51ad28,2025-03-18T18:29:43.990512,4992.18,payment,"Green, Turner and Palmer",Lake Lauren,False,False,6254.6,11246.78,582905e8-e7db-4057-b114-498df8b30ff8,credit,FMUM59184638655779,4934.42,cf99e46f-3b9d-4a1f-a5fd-3d8dd01330bb,Mrs. Hannah Montoya MD,rowejoel@example.net,001-259-762-9233,"4494 Derek Terrace, Sellersview, VI 86470",1947-11-22,2020-01-13T16:36:44.269464,High transaction amount (>95th percentile); Unusual withdrawal on credit account
edd64e61-18ce-4419-93a9-6c4a2b3e5a5e,2025-02-06T04:48:46.633888,4957.36,payment,Lewis-Walls,Julieburgh,False,False,5237.54,10194.9,a043ee36-5423-4858-9905-5e179bdb7c6f,checking,PGSF85574982182744,7927.41,898cace7-aee2-448d-8b8f-91164a959c35,Katie Martinez,laurayoung@example.com,3583957829,"669 David Island Apt. 778, Davidside, SC 77543",1951-08-21,2022-11-07T21:42:33.862412,High transaction amount (>95th percentile)
36a498bf-d92f-4230-8413-5a94659483af,2025-03-31T22:45:25.429375,4922.05,withdrawal,Cooper LLC,Lynnberg,False,False,21530.95,16608.9,a6443269-da23-4d76-a3bc-d61e4b48377d,credit,LJED68942104478985,12340.62,794c7fe3-02fd-4436-b989-94e0266106c2,William Moreno,terrigarcia@example.net,448.503.9652,"059 Anna Field Suite 842, Johnsonton, IN 79362",1954-02-21,2022-04-14T06:08:00.890942,High transaction amount (>95th percentile); Unusual withdrawal on credit account
66825bc1-8a79-4997-893d-90a2a35b6a59,2025-03-06T06:05:01.649054,4393.99,withdrawal,Sims-Crane,West Angelaside,False,False,28836.16,24442.17,8c1a3145-4ff8-446a-a91a-94df280dddac,credit,PEWX61493316373516,45697.13,e846e28e-f9d5-487d-965c-cea50d5d3ce7,Tiffany Turner,greenmichael@example.org,6177426841,"72795 Miles Mountains, Port John, WV 78595",1998-08-21,2020-03-30T10:54:04.776076,Unusual withdrawal on credit account
745f65e5-d8c3-4a69-bb29-9752a6ce8152,2025-03-03T01:12:11.503965,4806.17,deposit,Hunter-Palmer,Josephside,False,False,67771.15,72577.32,54bc95a3-4094-4878-a26c-bc974ebaf005,checking,OAYU86209593518638,66675.36,6cb01cfa-2094-4edf-b96c-728d3b341847,John Archer,smithcarlos@example.com,800.368.4866,"1418 Terri Drives, Peterland, ME 92077",1969-01-04,2023-08-07T08:09:39.703517,High transaction amount (>95th percentile)
6f90b651-9f75-4e87-9b14-4fd892b848fb,2025-04-04T16:51:01.852215,4696.0,payment,Brewer-Taylor,Wangtown,False,False,74287.38,78983.38,1d957500-eafb-4328-a229-5bdb7801251c,savings,QIZB46084325621689,80340.24,2446a98e-ada1-4060-a1b5-7fbc77cf0ad5,Taylor Jones DVM,mitchellhector@example.org,001-865-467-6618x25128,"04786 Morrow Gateway, Reedview, ID 95531",1991-04-26,2024-08-05T20:14:39.732389,High transaction amount (>95th percentile)
0abdff1d-8823-4c95-bca6-8b9404ad7967,2025-01-15T13:22:59.806077,3100.73,withdrawal,Silva LLC,Valdezborough,False,False,55406.07,52305.34,48892d55-8cc4-460f-b82e-55f9d054396a,credit,CEQC44294440192927,59654.99,f891cd7c-e9b9-465e-a22e-694c2f3b08a0,Ashley Bird,shawn88@example.com,(687)443-1527,"9329 Wilcox Passage Suite 161, East Thomas, IA 01396",1956-12-30,2021-12-12T07:58:20.850303,Unusual withdrawal on credit account
ca7fc033-5cbb-4c0b-ad1f-909dd5b15e4c,2025-02-11T01:00:02.695898,3057.39,withdrawal,Hall-Gillespie,Anthonymouth,False,False,62121.55,59064.16,35af3d62-4dd0-4813-bb33-fafe408196e1,credit,EOFH18432225913651,58783.56,574e1fc2-e4fe-4276-a542-5741936a9b92,Regina Baker,plee@example.com,+1-743-644-3757,"5240 Moses Common Suite 747, East Maria, KY 74165",1986-08-08,2022-07-15T07:24:45.495053,Unusual withdrawal on credit account
26e144de-5851-4448-aa52-c20ffa7a034b,2025-01-23T04:28:14.691417,4239.75,payment,"Miller, Schneider and Price",Smithview,False,False,40521.46,44761.21,8f93de60-bb50-4680-a783-7e882dd7d358,credit,WGOC45211175186892,47126.51,fe25b13b-cb6a-4dc5-b50a-fb621b454e7b,Richard Cooper,ingramjill@example.com,(405)385-2772,"43030 Mahoney Passage Suite 874, Port Deborahport, MI 06766",1998-02-19,2021-12-29T11:25:35.129467,Unusual withdrawal on credit account
471d6067-b7cd-4db6-816e-eac106b03701,2025-03-13T18:31:17.713293,4994.94,payment,"White, Koch and Rodriguez",North Tyler,False,False,67105.03,72099.97,779bc97d-6ce8-45dc-b75d-4334064454be,credit,AFCI65669380118489,63789.56,d13ba036-8d30-427d-ad6a-3a7fa3e530f4,Stephanie Byrd,charleslandry@example.net,664-674-3671x3695,"0909 Wall Heights Apt. 953, New John, WV 94994",1991-06-14,2021-10-31T15:24:18.107535,High transaction amount (>95th percentile); Unusual withdrawal on credit account
72c63b44-9786-4405-ad04-61ae451679da,2025-01-25T03:52:36.993208,3429.04,payment,Lopez-Hopkins,Jennifermouth,False,False,72099.97,75529.01,779bc97d-6ce8-45dc-b75d-4334064454be,credit,AFCI65669380118489,63789.56,d13ba036-8d30-427d-ad6a-3a7fa3e530f4,Stephanie Byrd,charleslandry@example.net,664-674-3671x3695,"0909 Wall Heights Apt. 953, New John, WV 94994",1991-06-14,2021-10-31T15:24:18.107535,Unusual withdrawal on credit account
a2da9e69-44a0-4f41-beed-51f2330f9fd8,2025-01-30T16:47:24.378671,4662.03,withdrawal,Tran-Ayers,South Lori,False,False,13178.15,8516.12,a6443269-da23-4d76-a3bc-d61e4b48377d,credit,LJED68942104478985,12340.62,794c7fe3-02fd-4436-b989-94e0266106c2,William Moreno,terrigarcia@example.net,448.503.9652,"059 Anna Field Suite 842, Johnsonton, IN 79362",1954-02-21,2022-04-14T06:08:00.890942,Unusual withdrawal on credit account
14baf752-2408-45f8-9184-ccdbe26fe141,2025-02-01T16:14:26.172394,4868.54,purchase,"Wilson, Collins and Garcia",Hallmouth,False,False,79497.08,74628.54,989b95e3-8297-4800-9eab-29cf6c5095ab,checking,OMLH26909738468950,82410.76,44306ed8-cd73-4671-9027-75c3fbbbc773,Valerie Gray,maria95@example.net,610.934.1316,"55341 Amanda Gardens Apt. 764, Lake Mark, WI 07832",1954-11-02,2025-02-24T20:36:34.446465,High transaction amount (>95th percentile)
1523f026-d13b-476b-bed5-7610afabb32b,2025-01-17T07:04:51.820308,4737.5,transfer,"Holt, Bauer and Blake",New Dakota,False,False,21062.45,16324.95,9bf397c3-c727-4e0d-8222-3c418a3b34ee,savings,IAKM82996291450461,26755.48,e7fe30d5-3f9b-44de-aae5-1097cbbd8243,Susan Murray MD,tyronemoran@example.net,001-446-377-3782x639,"8404 Monroe Prairie Suite 278, Reedside, WV 71729",1964-11-29,2022-08-14T04:47:07.298045,High transaction amount (>95th percentile)
09c95e48-8bd5-4dcb-8597-3a33735d8b49,2025-03-24T10:30:42.400759,3937.7,payment,"Boyer, Johnson and Ross",Caldwelltown,False,False,31545.52,35483.22,bebbf80a-3241-4577-8bb5-61d9be969c12,credit,GATY40777809733977,38657.72,65605445-0dab-4261-a6e0-5e82259cc0f7,Michelle Fletcher,rodney65@example.com,637-648-9691x085,"54544 Lopez Path Apt. 096, Erintown, SD 65692",2007-02-03,2022-02-28T00:30:31.578761,Unusual withdrawal on credit account
12585ac3-4d0a-444d-a115-526ff366a80e,2025-01-10T19:10:11.895911,2267.61,transfer,"Davis, Sullivan and Howell",Port Patrick,False,False,3110.06,842.45,1f9f5c71-20d5-457b-8d70-f2d087331d7e,credit,RPUY25639427881658,8931.04,a130f765-1188-4e93-a8f2-07d9e47e760e,Lauren Williams,barnesbrandy@example.net,343-353-4624x75107,"51354 Samuel Plains Suite 980, Sarahville, FM 18102",1957-03-31,2020-01-21T09:00:48.144119,Closing balance < ₹1000
1156f757-04eb-4d88-abf8-19c1f7a7ea76,2025-02-01T05:18:24.539292,4951.49,withdrawal,Lopez LLC,Katherineside,False,False,35483.22,30531.73,bebbf80a-3241-4577-8bb5-61d9be969c12,credit,GATY40777809733977,38657.72,65605445-0dab-4261-a6e0-5e82259cc0f7,Michelle Fletcher,rodney65@example.com,637-648-9691x085,"54544 Lopez Path Apt. 096, Erintown, SD 65692",2007-02-03,2022-02-28T00:30:31.578761,High transaction amount (>95th percentile); Unusual withdrawal on credit account
8a96ed7b-8379-4c71-8ee8-d7cef74f7a84,2025-02-25T02:43:06.012137,4808.88,deposit,"Johnson, Harper and Jordan",South Jason,True,False,76892.15,81701.03,94e21ccf-01db-47f9-8598-8cd55fa03883,savings,GTMF71286391741011,69370.32,da768069-b115-4b81-a303-9cb0bb76fc78,Robert Soto,daniellereynolds@example.org,001-393-479-6603x3419,"1478 Harper Ridge, Matthewsstad, MI 60513",1981-03-30,2023-01-04T02:43:40.399228,High transaction amount (>95th percentile)
d39299dd-adad-4dcd-b05c-fb4a8e0891d8,2025-03-19T20:39:27.329278,4803.1,withdrawal,Horton-Taylor,Isaacport,False,False,14284.47,9481.37,9b5f5153-d281-41d8-b29c-fdde81195408,savings,MXBR68034764472649,23894.89,923b71c5-028c-4467-881c-5f06b6a1ad1b,Stephen Sanchez,qhudson@example.com,207-552-7354x54948,"8377 Mcguire Course Suite 363, Elizabethstad, NJ 73045",1975-05-14,2024-11-02T23:20:32.839980,High transaction amount (>95th percentile)
80eafad3-36c9-41bb-bd3a-fbca753ff988,2025-03-06T16:26:24.957747,3673.13,payment,Morgan LLC,East Susan,False,False,75529.01,79202.14,779bc97d-6ce8-45dc-b75d-4334064454be,credit,AFCI65669380118489,63789.56,d13ba036-8d30-427d-ad6a-3a7fa3e530f4,Stephanie Byrd,charleslandry@example.net,664-674-3671x3695,"0909 Wall Heights Apt. 953, New John, WV 94994",1991-06-14,2021-10-31T15:24:18.107535,Unusual withdrawal on credit account
